residents,home_type,month,ac_hours_per_day,monthly_usage_kwh
2,Boarding Room,7,8.8,151.9
2,Apartment,3,7.9,204.9
2,House,3,0.7,156.8
4,Apartment,4,3.8,191.5
3,Apartment,2,5.6,185.0
1,Apartment,12,3.4,115.7
5,Boarding Room,3,8.4,212.0
1,House,8,8.1,188.9
5,Boarding Room,7,2.7,158.7
1,Boarding Room,7,4.1,90.3
3,Boarding Room,8,2.9,112.9
2,House,11,4.1,171.8
4,House,12,4.0,190.3
3,Apartment,11,6.6,189.8
2,House,6,2.5,192.0
3,Boarding Room,9,0.0,93.8
5,House,3,1.0,221.3
2,Boarding Room,11,2.2,102.8
2,Apartment,3,3.1,129.1
1,Boarding Room,2,4.9,115.6
4,House,10,2.1,186.7
4,House,10,1.8,211.6
4,Apartment,2,2.5,168.8
1,Boarding Room,12,2.0,84.4
4,Boarding Room,2,3.3,145.5
5,Apartment,1,3.2,212.5
5,Boarding Room,12,6.0,174.0
5,Boarding Room,3,2.3,172.2
2,Apartment,3,3.7,153.9
4,Apartment,10,3.3,169.5
3,House,8,6.3,212.5
3,Apartment,7,4.2,155.6
2,Boarding Room,12,6.8,105.6
4,Apartment,2,2.0,177.5
5,Boarding Room,12,4.4,161.2
4,Apartment,4,3.2,192.6
5,House,8,1.8,213.9
5,Boarding Room,4,4.4,189.8
1,Boarding Room,4,8.3,145.5
5,House,4,2.6,204.3
5,Apartment,7,4.2,204.9
3,Apartment,11,1.6,131.5
4,Apartment,2,1.3,173.0
4,Apartment,8,2.8,171.1
4,Boarding Room,11,3.5,144.2
5,House,9,3.6,219.2
1,House,12,4.0,146.9
1,Boarding Room,1,0.9,65.7
2,Boarding Room,5,3.1,94.9
3,Apartment,6,5.6,171.9
5,Apartment,7,1.5,162.5
4,Apartment,4,3.7,170.4
1,Apartment,4,5.1,143.3
4,Apartment,11,2.8,167.6
3,Apartment,3,5.3,177.6
2,Boarding Room,12,1.2,81.2
4,Boarding Room,1,6.5,159.2
2,Apartment,6,5.3,154.3
4,House,8,4.6,206.8
1,Apartment,12,7.0,144.2
2,Apartment,10,3.8,118.0
3,House,1,3.1,196.1
4,Apartment,9,7.5,194.6
5,Apartment,4,8.5,245.2
2,Boarding Room,11,3.0,106.7
5,Apartment,10,4.2,194.3
5,Apartment,3,6.8,234.3
2,House,5,4.3,166.9
1,Boarding Room,10,5.8,96.5
2,Apartment,12,6.2,167.8
4,Boarding Room,8,3.3,144.2
4,House,3,5.4,250.8
4,Boarding Room,5,4.5,176.9
4,Apartment,10,1.8,156.6
1,Apartment,8,2.3,105.1
3,Boarding Room,3,3.1,120.9
5,Apartment,4,6.5,220.6
2,Boarding Room,3,6.6,136.8
5,Apartment,6,6.1,212.3
1,House,6,5.5,166.6
5,Apartment,7,5.4,212.3
4,House,12,5.1,235.9
4,Boarding Room,8,5.4,165.5
4,Apartment,8,5.5,184.1
5,House,5,1.4,228.4
2,House,8,2.8,167.6
1,Boarding Room,12,2.2,76.5
5,Apartment,1,6.9,219.5
1,House,5,8.1,268.0
4,House,1,0.0,188.5
2,Apartment,3,7.9,182.9
5,Boarding Room,1,4.7,165.2
5,Boarding Room,8,6.7,177.1
3,Apartment,10,5.6,169.0
3,Apartment,12,7.7,190.6
3,Boarding Room,3,5.0,142.5
3,Boarding Room,9,1.5,92.8
5,Apartment,4,4.3,219.6
2,Apartment,4,5.6,174.5
5,Apartment,8,4.0,173.3
4,Apartment,9,5.9,201.0
5,Boarding Room,8,4.4,163.8
4,House,2,3.2,213.4
5,Apartment,5,2.1,200.2
3,Boarding Room,4,3.6,152.6
3,Apartment,1,5.0,178.6
2,Apartment,1,0.2,114.9
2,Apartment,6,2.8,123.5
1,Apartment,2,0.1,77.6
2,Apartment,9,3.1,138.0
5,Apartment,1,7.1,235.5
5,Boarding Room,3,1.9,148.9
4,Boarding Room,12,6.0,158.7
2,Boarding Room,9,10.8,154.6
3,Apartment,7,7.7,184.7
4,Apartment,1,4.8,196.1
1,Apartment,1,6.4,146.3
5,Boarding Room,11,1.5,137.7
5,Apartment,10,1.0,191.9
5,Boarding Room,12,4.6,153.2
1,Apartment,10,5.4,133.5
5,Apartment,1,6.9,209.8
4,Boarding Room,10,3.2,133.4
3,Boarding Room,6,4.9,143.9
1,Apartment,9,4.9,133.3
3,Apartment,5,4.2,167.0
2,Boarding Room,9,4.3,105.1
5,House,11,2.6,211.2
2,House,12,5.1,172.1
2,House,7,4.9,191.8
5,Boarding Room,4,3.5,174.1
1,Apartment,8,6.0,211.1
5,Boarding Room,6,6.8,192.4
5,House,3,6.0,252.9
2,Apartment,9,2.2,133.5
4,Boarding Room,1,4.7,165.0
4,Boarding Room,5,2.5,158.0
3,House,9,4.7,198.5
4,House,12,2.5,211.6
1,Apartment,8,7.3,143.3
3,Apartment,12,6.2,172.8
3,House,10,7.0,224.2
3,House,3,6.8,233.9
5,House,11,3.9,221.4
5,Apartment,5,3.6,190.0
4,Apartment,8,8.3,207.6
3,House,3,4.1,197.2
3,Boarding Room,7,1.5,128.4
1,Apartment,9,6.7,237.4
3,Boarding Room,11,4.8,122.9
2,Apartment,12,7.8,159.1
5,House,10,5.0,224.5
4,Boarding Room,7,4.5,147.1
5,Apartment,11,7.9,219.3
5,Boarding Room,2,1.1,159.1
3,House,12,3.2,176.0
3,House,3,2.5,214.2
4,Apartment,5,0.0,144.5
3,Apartment,11,6.4,159.3
2,Boarding Room,9,3.3,117.1
4,House,11,6.5,240.2
3,Apartment,9,5.4,163.1
5,Boarding Room,8,5.8,181.5
2,House,3,3.5,185.0
3,Boarding Room,12,2.8,118.9
3,Apartment,8,4.7,149.6
5,Boarding Room,9,6.5,155.4
3,Apartment,6,4.4,159.7
1,Boarding Room,12,3.0,100.8
2,Boarding Room,6,1.9,118.5
5,Apartment,3,4.9,208.9
2,House,3,3.3,169.6
2,Boarding Room,9,4.3,111.6
1,Apartment,9,4.0,122.3
4,Apartment,3,3.5,188.1
1,House,9,5.1,137.0
2,Boarding Room,12,5.7,154.3
4,Apartment,7,8.8,228.9
5,House,12,6.2,243.4
2,Boarding Room,2,8.0,141.9
2,Apartment,5,2.7,149.4
1,House,7,1.0,140.8
3,Boarding Room,5,4.5,142.6
5,Apartment,2,6.4,224.7
2,Boarding Room,6,6.0,252.2
2,House,5,7.2,214.3
2,House,3,0.0,160.2
5,Apartment,5,7.3,233.4
3,Apartment,6,5.2,177.8
4,Apartment,11,1.1,162.8
4,Boarding Room,6,6.1,153.8
4,Boarding Room,5,4.9,224.9
3,Boarding Room,5,5.3,148.9
3,Boarding Room,8,6.7,141.3
3,Apartment,4,5.4,176.6
1,Boarding Room,11,1.3,79.0
3,Boarding Room,6,4.2,135.0
5,Apartment,6,0.9,158.2
1,Boarding Room,1,5.9,106.2
5,Boarding Room,11,7.6,189.3
3,Boarding Room,6,1.8,117.5
2,Boarding Room,2,3.0,114.7
1,Apartment,3,2.6,125.1
4,House,5,3.5,215.6
1,House,10,5.4,151.3
3,House,2,3.5,191.8
1,Apartment,2,5.9,138.3
5,House,7,6.8,251.9
1,Apartment,6,6.9,159.3
5,Apartment,12,2.0,181.4
3,Apartment,10,7.5,189.6
1,Boarding Room,8,7.7,117.0
4,Boarding Room,5,7.9,202.3
5,Boarding Room,8,4.2,171.0
2,House,8,2.8,165.9
5,Boarding Room,4,2.3,167.7
4,Apartment,5,2.1,163.8
4,House,12,4.5,193.1
2,Apartment,7,6.4,155.9
1,Boarding Room,6,7.4,133.5
3,Apartment,10,3.4,149.3
5,Boarding Room,4,4.4,177.0
3,House,3,4.3,196.6
4,Apartment,12,3.1,148.3
4,Apartment,10,6.1,202.2
2,Apartment,6,5.3,155.3
1,Apartment,12,4.8,123.2
5,Apartment,5,5.3,277.5
4,Boarding Room,9,5.9,169.4
3,Boarding Room,1,5.8,154.5
3,Boarding Room,9,2.7,103.6
5,Apartment,3,6.5,235.3
4,House,3,5.1,228.0
4,Apartment,10,3.5,161.2
4,Apartment,3,5.0,191.1
2,House,6,5.3,304.2
4,Boarding Room,12,6.9,154.8
5,Boarding Room,12,2.2,156.3
2,House,6,7.4,207.1
3,House,2,4.6,210.6
4,Apartment,4,3.4,185.0
3,Boarding Room,8,3.3,127.0
5,House,5,2.3,204.8
3,House,9,0.7,153.8
2,Apartment,12,6.0,160.6
1,Boarding Room,8,8.9,117.1
5,Apartment,8,0.9,172.3
4,House,7,2.4,187.4
3,House,3,6.2,220.3
3,Apartment,7,4.4,180.3
3,Apartment,12,6.3,183.4
5,Apartment,9,4.3,173.8
4,Apartment,10,3.2,173.3
5,Apartment,11,4.0,208.3
5,Boarding Room,5,0.0,169.9
4,Boarding Room,5,2.0,144.6
3,House,12,6.6,199.0
2,Boarding Room,6,7.1,146.3
4,Boarding Room,9,7.6,186.8
4,House,8,5.5,219.9
3,Apartment,2,0.0,143.4
1,Boarding Room,4,3.1,87.4
5,Boarding Room,4,7.4,206.0
5,House,3,8.1,246.6
2,Apartment,10,7.5,153.5
3,Apartment,12,4.0,156.8
1,Apartment,12,1.6,98.4
5,Boarding Room,3,4.4,254.2
2,Apartment,6,4.5,146.3
2,Boarding Room,3,7.9,154.8
3,Apartment,1,5.0,168.1
2,Boarding Room,8,4.5,113.9
4,Boarding Room,11,4.7,154.7
5,Boarding Room,1,5.4,174.6
5,House,8,5.9,256.6
3,Boarding Room,1,2.9,112.4
1,Boarding Room,11,2.2,92.7
5,Boarding Room,1,7.5,206.3
2,Apartment,6,0.9,118.6
5,Apartment,2,8.1,230.9
2,House,5,0.3,157.4
3,Apartment,6,3.2,164.7
3,Apartment,7,6.6,193.1
3,Apartment,10,4.5,143.6
1,Boarding Room,12,1.6,76.2
3,House,5,5.4,193.3
3,House,12,4.6,195.4
5,Boarding Room,6,4.0,185.7
3,Apartment,2,3.1,143.8
5,Boarding Room,8,4.4,150.4
2,Apartment,9,3.2,132.0
2,House,4,9.9,246.7
1,House,8,4.0,159.0
4,Boarding Room,6,3.7,131.4
1,Apartment,2,3.3,106.6
2,Apartment,5,8.4,186.2
5,Boarding Room,6,0.9,134.4
4,Apartment,5,5.3,197.6
3,Apartment,11,4.0,155.8
5,House,5,1.4,213.0
4,House,8,2.7,217.7
5,Boarding Room,1,5.2,182.5
4,Boarding Room,4,2.6,157.9
3,Boarding Room,11,5.1,141.8
1,Boarding Room,11,8.3,121.0
2,Apartment,12,4.9,144.1
4,House,1,1.3,189.4
2,Apartment,11,2.6,132.0
4,Apartment,4,3.9,179.5
1,Apartment,1,3.7,140.1
1,Boarding Room,2,4.8,98.2
2,House,10,5.2,181.6
2,Apartment,8,8.3,171.2
5,Apartment,7,4.5,196.4
2,House,11,2.0,176.5
3,Apartment,2,7.0,184.9
3,Boarding Room,1,7.3,154.2
2,Apartment,12,5.0,140.4
5,Apartment,8,4.0,193.1
4,Apartment,10,5.9,184.9
1,House,7,4.0,149.1
2,Apartment,2,0.0,110.8
1,Apartment,7,5.7,145.0
2,House,12,6.5,204.0
4,Apartment,2,7.7,212.6
5,Apartment,2,2.9,192.7
3,Boarding Room,5,5.0,142.3
1,Apartment,6,5.0,132.3
1,Apartment,8,4.7,117.3
3,Boarding Room,2,4.8,125.5
2,Apartment,12,4.6,136.6
3,Boarding Room,2,5.0,151.8
1,Boarding Room,3,6.1,184.7
2,Apartment,12,7.2,161.0
3,Boarding Room,5,2.8,125.0
2,Apartment,7,4.1,156.4
2,Apartment,6,3.6,134.3
2,Boarding Room,4,3.3,117.8
1,Boarding Room,7,0.9,69.9
2,Apartment,10,4.6,140.1
2,Boarding Room,1,5.6,127.9
5,Apartment,11,4.2,191.9
5,Apartment,3,4.5,215.7
3,Apartment,12,5.4,168.1
2,Apartment,12,7.6,275.3
3,House,12,3.6,189.1
4,Boarding Room,8,1.9,111.3
2,House,11,4.3,179.9
4,House,11,8.6,248.1
5,Apartment,8,1.9,176.9
3,Boarding Room,11,5.9,136.9
1,Boarding Room,5,7.0,105.2
1,House,11,0.0,101.6
5,Boarding Room,12,5.4,190.7
3,House,8,5.8,200.8
2,Apartment,2,3.9,156.0
4,Apartment,3,3.1,162.5
5,Apartment,3,3.2,187.1
3,Boarding Room,7,3.8,136.0
2,Apartment,6,3.8,144.7
5,House,10,3.4,224.7
1,Boarding Room,4,3.7,100.8
5,House,2,7.1,258.9
3,House,8,1.8,167.8
1,Boarding Room,2,0.7,60.3
2,Apartment,11,7.2,175.3
4,Boarding Room,1,4.1,165.3
4,Apartment,6,3.6,169.8
1,House,12,4.3,147.0
4,House,7,5.0,218.2
5,House,10,3.3,222.2
4,Boarding Room,6,5.6,164.1
4,Apartment,10,2.4,118.1
1,Boarding Room,9,3.8,86.3
4,House,7,0.0,180.9
4,Boarding Room,2,7.1,201.8
1,Boarding Room,12,4.1,86.6
2,Boarding Room,1,6.0,145.2
5,Boarding Room,5,5.5,200.8
5,Boarding Room,8,5.7,181.7
1,Boarding Room,10,4.5,71.6
4,House,7,5.4,225.1
3,House,5,2.4,304.9
3,Boarding Room,5,1.9,121.5
3,House,12,4.3,183.6
5,Apartment,5,3.0,203.5
3,House,11,7.6,228.0
3,Boarding Room,1,5.3,153.3
4,Apartment,8,2.9,162.6
3,Apartment,9,3.9,142.7
5,Boarding Room,9,4.8,169.9
2,Apartment,6,4.4,167.4
5,House,9,5.1,234.5
4,House,6,4.7,227.7
5,Apartment,8,1.4,170.2
2,Apartment,11,0.0,99.0
3,House,9,3.7,193.1
1,Boarding Room,9,5.7,100.9
5,Boarding Room,12,3.7,164.7
5,Apartment,3,7.2,234.8
2,Boarding Room,8,4.4,115.6
1,Apartment,8,7.5,154.5
4,Boarding Room,9,7.0,157.8
4,Apartment,2,6.8,196.4
3,Apartment,10,1.9,135.4
1,House,3,4.5,171.0
5,Apartment,5,7.2,224.2
3,Apartment,9,5.1,165.3
4,House,4,5.7,244.8
5,Apartment,2,1.4,262.4
3,Apartment,9,8.7,206.0
1,Boarding Room,4,2.8,79.9
5,Apartment,10,0.1,146.3
4,Apartment,11,3.7,167.0
5,Apartment,5,0.0,172.7
4,House,9,2.1,189.6
5,House,3,10.1,282.4
5,House,12,3.7,222.3
2,Apartment,3,1.4,133.6
1,House,11,4.6,144.2
1,House,10,2.5,163.6
4,Boarding Room,4,6.4,131.4
2,Apartment,10,2.5,133.9
3,Boarding Room,8,5.1,130.0
4,Boarding Room,9,2.0,131.6
3,Boarding Room,5,10.2,188.7
1,Apartment,3,5.6,153.4
2,Boarding Room,9,4.2,105.5
1,Boarding Room,1,3.9,109.4
2,Boarding Room,5,3.3,99.3
4,Apartment,2,2.8,183.1
3,House,1,2.8,187.3
4,House,1,8.2,237.4
1,Apartment,2,3.3,142.8
4,Boarding Room,12,0.0,131.5
3,House,10,1.9,150.7
2,Boarding Room,12,6.5,131.1
4,House,2,3.9,224.6
1,Apartment,12,4.2,127.1
3,Apartment,8,7.1,196.7
3,Boarding Room,10,2.8,126.4
1,Boarding Room,11,5.9,105.9
5,Apartment,4,3.0,220.0
2,Apartment,9,5.8,159.6
1,House,8,3.6,149.6
3,Apartment,5,4.0,162.2
5,Apartment,6,6.3,231.9
4,Boarding Room,3,6.1,165.2
4,Apartment,3,4.1,182.9
5,Boarding Room,12,3.5,156.3
1,Apartment,9,8.0,153.8
3,Apartment,7,5.8,173.4
2,House,9,3.6,155.0
4,Apartment,5,3.1,190.1
5,Boarding Room,3,6.8,191.9
1,House,12,4.8,182.2
1,Apartment,12,4.1,125.2
5,Apartment,3,4.8,222.6
3,Apartment,10,5.2,169.3
2,House,6,4.4,198.2
1,Boarding Room,9,7.1,119.0
2,Apartment,2,7.3,175.5
1,House,6,5.7,188.3
2,Boarding Room,2,7.5,170.1
1,House,10,4.5,153.5
1,Apartment,5,6.0,156.0
5,Boarding Room,4,6.7,196.6
4,Boarding Room,9,6.7,169.1
5,House,12,6.5,248.5
2,House,5,5.9,178.5
2,Boarding Room,9,8.8,142.5
2,Boarding Room,9,3.3,110.6
3,Boarding Room,6,4.2,128.6
1,Boarding Room,10,4.0,96.4
2,Apartment,2,3.7,146.4
5,Boarding Room,11,0.1,127.2
2,Boarding Room,5,7.5,157.2
4,Boarding Room,1,2.2,141.8
2,Apartment,12,4.9,150.2
5,Apartment,10,1.4,178.1
4,Apartment,10,5.9,188.0
5,Apartment,2,2.8,174.7
3,House,10,2.0,168.2
5,Apartment,9,4.9,179.4
2,House,11,3.0,169.3
3,Apartment,5,3.2,170.8
1,Boarding Room,12,4.9,107.4
1,House,9,6.3,176.0
4,Apartment,4,2.7,186.3
2,Apartment,3,2.3,120.7
1,Boarding Room,11,4.6,91.4
2,Apartment,8,5.7,138.3
2,House,2,7.7,208.2
4,Boarding Room,2,2.1,154.3
1,Boarding Room,10,3.8,96.3
1,Boarding Room,3,7.1,133.2
4,Apartment,3,8.8,222.8
1,House,8,2.3,132.6
3,Apartment,11,2.9,146.9
4,House,5,5.3,242.7
3,Apartment,8,3.2,154.9
1,Apartment,9,2.8,92.9
4,Boarding Room,8,5.0,154.3
1,Boarding Room,9,7.9,100.2
2,Apartment,3,1.6,138.9
1,Boarding Room,8,7.8,114.4
3,Boarding Room,1,3.2,112.7
4,House,9,5.3,225.3
4,Apartment,10,8.0,163.6
1,Boarding Room,10,5.2,99.0
2,Apartment,1,3.8,163.7
1,Apartment,11,6.1,141.1
2,House,6,4.1,176.5
2,Apartment,1,5.6,161.4
4,Boarding Room,7,4.0,146.5
4,Boarding Room,7,6.4,180.8
5,Boarding Room,5,1.4,156.2
2,Apartment,9,2.3,126.0
1,Apartment,7,1.4,89.8
1,Apartment,3,4.4,135.5
5,Apartment,8,1.1,169.5
5,Boarding Room,4,3.0,156.6
2,Boarding Room,2,2.1,54.3
5,Boarding Room,4,7.8,209.4
3,Apartment,11,2.3,140.6
1,Apartment,7,1.7,92.2
2,House,4,5.0,191.6
2,Boarding Room,5,8.2,148.9
4,Apartment,11,4.2,266.0
1,Boarding Room,8,4.4,95.2
1,Apartment,10,7.3,139.6
4,Boarding Room,8,6.4,160.0
2,Apartment,12,5.4,151.2
2,Boarding Room,8,3.2,112.4
5,Boarding Room,5,5.5,188.7
5,Apartment,4,1.5,199.3
3,Apartment,1,3.1,165.4
5,Apartment,10,7.6,233.2
5,Boarding Room,12,7.4,203.6
3,House,8,5.5,219.3
5,Boarding Room,6,0.3,129.5
1,Apartment,2,1.8,118.2
1,House,8,3.0,160.2
5,Apartment,3,4.1,218.9
1,Boarding Room,8,1.7,65.3
4,Apartment,4,4.0,313.2
3,Boarding Room,11,8.4,159.9
4,Apartment,12,5.4,204.5
4,Apartment,3,5.0,179.9
1,House,4,2.3,146.4
2,House,12,0.9,131.0
4,Boarding Room,1,1.8,132.8
5,Boarding Room,7,0.8,164.1
5,Apartment,2,4.7,205.9
5,Apartment,6,5.3,212.8
5,Apartment,1,2.4,189.5
5,Apartment,2,4.8,206.4
3,Apartment,5,7.7,201.4
2,House,1,8.8,220.4
3,Apartment,10,6.2,162.1
4,Boarding Room,7,4.1,149.0
3,Boarding Room,6,6.1,159.4
5,Apartment,6,7.5,238.1
4,Boarding Room,11,0.1,123.7
2,Boarding Room,11,7.8,139.5
5,Boarding Room,1,3.3,165.0
5,Apartment,9,3.3,192.2
3,House,6,3.7,191.8
1,Apartment,10,5.2,120.3
2,Boarding Room,10,2.1,88.2
5,Apartment,9,3.9,176.3
1,Apartment,9,5.7,135.4
3,House,3,5.0,221.3
4,Apartment,11,5.3,175.7
2,Apartment,9,3.8,138.7
5,House,4,6.0,249.9
3,Apartment,3,6.8,180.4
1,Boarding Room,7,6.7,137.1
2,Apartment,5,5.4,151.4
2,Apartment,9,6.6,143.8
2,Apartment,5,6.4,171.4
5,House,3,10.4,292.7
2,Boarding Room,5,7.2,152.0
3,Apartment,10,4.3,175.5
3,Boarding Room,10,2.5,103.2
2,Boarding Room,4,3.9,114.6
3,Apartment,10,3.8,167.2
2,House,2,5.6,204.4
1,Apartment,12,3.0,120.7
3,Boarding Room,10,7.1,142.1
3,Boarding Room,1,1.4,121.8
1,Apartment,9,0.9,101.4
4,Apartment,6,4.2,186.5
4,House,11,2.6,190.4
2,Apartment,3,1.7,132.9
3,House,11,3.1,198.3
2,House,11,2.8,150.7
4,Apartment,4,4.5,183.2
1,Apartment,6,3.1,115.8
4,Apartment,8,3.3,165.4
1,House,3,4.5,170.7
1,Apartment,12,6.7,152.4
2,Apartment,3,7.7,184.4
1,Apartment,3,4.8,139.1
3,Apartment,7,5.0,171.7
1,House,6,4.1,171.0
2,House,1,5.6,173.7
1,Boarding Room,11,5.4,109.7
5,Boarding Room,3,7.4,193.0
4,House,2,0.3,184.3
2,Apartment,7,4.0,146.3
1,House,12,5.2,165.2
5,Boarding Room,1,4.4,175.4
4,House,6,2.4,206.9
5,Apartment,11,1.6,168.3
1,Boarding Room,11,6.3,121.6
2,Boarding Room,3,2.8,117.7
1,Apartment,8,0.6,97.1
3,Boarding Room,11,6.4,150.1
1,House,9,5.5,158.1
1,Apartment,8,4.2,144.7
3,Apartment,10,2.5,85.0
5,Boarding Room,6,4.3,174.1
4,House,1,7.2,236.5
4,Apartment,8,0.9,147.3
5,House,8,1.1,199.9
5,House,11,3.1,210.3
1,Apartment,12,4.4,136.4
2,House,5,3.4,168.1
4,Apartment,12,5.9,200.1
5,Apartment,1,6.9,346.6
4,Boarding Room,12,5.1,150.1
4,Boarding Room,2,5.7,172.2
2,Apartment,8,5.1,146.2
2,Boarding Room,9,4.5,99.2
1,Apartment,8,1.7,91.3
2,House,12,2.2,166.5
1,Apartment,7,1.5,111.3
5,Boarding Room,2,4.2,174.8
1,Apartment,8,5.0,125.2
2,Boarding Room,4,1.3,97.6
5,House,8,4.7,230.0
5,Apartment,5,2.6,175.1
2,Apartment,1,2.1,128.8
3,Apartment,8,3.1,155.2
3,Apartment,2,2.0,150.0
5,Boarding Room,4,5.8,207.4
4,Boarding Room,8,4.1,136.0
3,Apartment,11,6.3,165.8
2,House,4,3.5,183.5
2,Boarding Room,4,3.6,120.3
4,Boarding Room,4,8.6,175.0
5,Boarding Room,7,0.9,148.5
1,Apartment,3,7.3,161.0
4,Boarding Room,7,8.1,160.9
3,House,10,6.2,204.3
1,Boarding Room,1,3.8,85.1
1,Apartment,12,7.6,145.6
2,Boarding Room,7,3.8,98.0
2,Apartment,8,2.9,134.7
1,Boarding Room,8,3.6,105.8
2,Apartment,12,3.2,135.6
5,House,8,2.4,193.7
4,Boarding Room,11,6.9,168.5
2,House,4,2.8,174.4
4,Boarding Room,3,4.4,148.4
3,Apartment,8,1.3,139.1
4,Apartment,2,4.6,196.3
2,Boarding Room,2,2.0,94.0
1,Apartment,3,1.9,98.7
2,Boarding Room,4,4.3,103.0
5,Apartment,2,6.8,216.9
3,Apartment,9,5.5,164.3
1,House,7,5.6,167.8
5,Boarding Room,3,4.2,168.8
5,House,4,3.8,243.8
3,Boarding Room,12,6.2,149.6
4,Apartment,11,3.3,168.2
1,Boarding Room,2,6.3,125.9
3,Boarding Room,8,7.2,146.2
5,Boarding Room,4,2.6,153.2
3,Apartment,5,3.0,154.5
1,Boarding Room,8,3.3,79.5
4,Apartment,12,1.3,132.7
4,House,7,3.5,204.3
4,Boarding Room,12,7.4,183.0
4,Boarding Room,10,2.2,134.6
1,Boarding Room,10,7.4,119.6
1,Boarding Room,10,3.5,84.7
4,Apartment,10,9.2,226.7
5,Apartment,4,3.0,186.4
1,Boarding Room,12,4.2,82.8
3,Boarding Room,12,2.5,126.2
3,Apartment,8,3.0,149.2
2,Boarding Room,9,7.4,126.9
4,Apartment,11,5.5,189.9
5,House,2,6.8,253.7
5,Boarding Room,1,1.6,139.5
1,Apartment,12,5.9,127.9
3,House,7,2.4,186.1
5,Apartment,9,1.6,172.6
2,House,7,5.0,201.4
5,House,7,5.0,237.1
3,Apartment,1,4.6,162.9
3,Apartment,4,6.1,200.0
2,Apartment,2,6.4,176.2
5,Apartment,6,7.7,232.3
3,Apartment,1,1.9,128.4
3,Apartment,10,7.8,175.3
3,House,4,8.6,230.6
1,Boarding Room,9,3.7,86.0
4,Boarding Room,1,0.8,118.6
2,Boarding Room,1,1.5,108.7
2,Boarding Room,6,3.5,97.2
4,Apartment,10,8.9,198.8
1,Boarding Room,10,4.5,93.7
4,Apartment,7,3.1,177.4
3,Apartment,8,3.0,123.1
4,Boarding Room,9,1.6,175.4
1,Boarding Room,9,6.4,104.8
4,Apartment,9,4.3,188.0
2,Apartment,1,9.1,202.8
5,Apartment,6,5.9,211.9
2,Boarding Room,11,6.3,123.0
1,Boarding Room,6,4.0,90.4
3,Boarding Room,2,2.1,126.1
1,Boarding Room,8,2.6,94.9
2,House,4,1.5,178.5
4,Boarding Room,7,6.5,168.7
3,Boarding Room,7,3.7,119.8
4,House,9,6.6,227.9
5,Apartment,12,4.8,213.2
3,Apartment,9,3.9,148.9
3,Apartment,12,1.9,122.3
1,House,1,5.2,165.7
2,Boarding Room,10,4.0,102.4
4,Boarding Room,6,6.5,154.7
1,House,9,2.9,146.8
2,House,2,5.9,201.9
1,House,7,8.1,211.5
5,Boarding Room,1,5.1,162.5
3,House,8,6.2,217.1
4,Boarding Room,3,5.8,179.7
4,Apartment,2,8.7,225.6
2,House,1,5.3,178.5
1,Boarding Room,4,6.0,108.7
2,Boarding Room,12,4.4,113.3
1,Apartment,12,2.8,112.3
2,House,1,1.8,155.1
2,Boarding Room,12,7.3,148.2
4,House,8,2.3,192.2
2,Boarding Room,4,6.1,119.2
1,Apartment,12,5.4,130.1
5,Boarding Room,3,6.5,198.9
1,House,3,3.4,165.3
2,Boarding Room,3,2.8,113.4
2,Apartment,2,5.3,172.6
1,Boarding Room,6,3.9,86.7
5,House,2,1.8,214.1
2,House,3,8.8,238.5
4,Boarding Room,5,2.8,126.3
1,Boarding Room,8,2.3,77.0
3,Apartment,11,4.0,166.1
1,Apartment,1,7.3,163.2
2,House,8,0.0,148.6
3,Apartment,2,7.1,196.4
5,Apartment,12,2.5,170.5
2,Apartment,4,5.1,173.4
4,Apartment,11,3.0,152.2
1,Boarding Room,10,8.9,114.7
2,Boarding Room,4,4.8,131.1
4,Boarding Room,4,2.9,143.6
3,Apartment,4,3.8,169.8
3,Boarding Room,6,4.7,144.9
4,Apartment,6,4.9,207.9
1,Boarding Room,8,5.5,107.1
4,Apartment,6,4.5,180.8
5,Boarding Room,10,1.5,145.5
4,Apartment,6,3.8,172.7
2,Boarding Room,4,5.8,144.8
2,Boarding Room,4,3.0,113.9
5,Boarding Room,9,6.0,179.9
4,Apartment,2,4.6,169.8
5,House,4,4.0,217.7
5,Boarding Room,4,7.1,185.0
3,Apartment,8,0.7,147.9
1,Apartment,2,3.0,109.6
2,Apartment,6,7.2,180.0
2,Apartment,9,8.5,165.9
5,Boarding Room,12,9.5,204.8
2,Apartment,6,4.6,151.4
2,House,12,5.5,202.5
5,House,8,6.3,252.2
1,Boarding Room,10,7.3,117.3
4,Apartment,3,5.2,208.4
3,Boarding Room,11,6.5,138.0
5,Apartment,4,5.5,227.8
3,Boarding Room,2,5.6,157.2
3,Boarding Room,1,2.5,127.7
5,Apartment,8,3.8,189.7
5,House,8,3.3,218.4
4,Boarding Room,3,1.9,130.3
4,Apartment,11,0.9,138.9
5,Apartment,4,3.6,192.4
5,House,8,3.9,231.0
4,Apartment,7,4.7,182.6
2,Boarding Room,8,5.7,127.1
4,Boarding Room,9,4.9,154.3
2,Apartment,12,3.9,127.9
3,Boarding Room,9,2.5,101.1
3,House,11,6.4,206.2
5,House,11,4.3,219.5
3,House,5,3.5,190.5
5,Boarding Room,7,4.1,184.7
5,Apartment,3,2.9,179.7
5,Apartment,12,3.3,207.9
1,Boarding Room,12,3.3,88.0
4,Boarding Room,11,3.9,150.9
2,Boarding Room,9,5.9,130.3
3,Apartment,11,5.4,171.4
3,House,10,7.9,235.8
2,House,3,7.2,199.4
5,Boarding Room,4,8.8,331.9
5,Apartment,7,5.7,322.3
3,Boarding Room,6,5.7,131.6
1,Boarding Room,9,3.4,76.9
1,Boarding Room,9,6.3,125.3
2,Apartment,12,3.1,129.7
5,Apartment,10,1.3,187.0
3,House,1,7.9,247.7
1,House,5,1.8,178.9
3,Boarding Room,4,5.5,169.8
5,Apartment,8,2.6,205.1
3,Boarding Room,5,7.0,165.0
3,Apartment,12,7.3,185.5
1,Apartment,4,5.7,219.3
5,Boarding Room,6,7.2,196.9
1,Boarding Room,10,4.5,92.6
5,Boarding Room,5,9.4,224.8
2,Boarding Room,1,6.1,125.5
1,House,4,2.5,142.4
2,Boarding Room,5,4.7,128.8
1,Apartment,8,4.2,115.4
1,House,9,3.9,146.8
1,Apartment,7,0.9,98.4
4,Apartment,5,5.4,193.0
5,House,7,1.5,222.7
2,Boarding Room,2,0.0,83.3
4,Boarding Room,3,3.7,165.5
2,Apartment,8,2.8,86.8
3,Apartment,11,2.6,142.0
2,House,7,0.0,147.6
5,Boarding Room,1,2.6,143.1
3,Apartment,12,4.1,161.3
3,Apartment,4,3.1,170.3
5,House,9,5.4,245.8
4,Boarding Room,11,7.6,157.1
1,Boarding Room,12,5.6,88.9
1,House,2,6.8,180.7
2,Apartment,3,6.9,187.3
1,Boarding Room,8,2.3,79.3
4,Boarding Room,10,5.5,145.0
3,House,11,6.7,196.1
1,Apartment,7,3.5,114.5
3,Apartment,2,2.8,147.6
5,House,9,5.7,247.8
5,Boarding Room,9,1.2,148.1
5,Boarding Room,6,2.1,145.4
5,Apartment,8,3.0,192.8
4,House,3,5.5,239.4
5,Boarding Room,10,5.0,155.1
5,Apartment,1,6.8,218.3
4,Boarding Room,11,2.5,133.3
3,Boarding Room,11,2.4,112.5
5,House,9,5.7,221.2
3,Boarding Room,10,2.7,114.3
1,Boarding Room,11,3.2,87.8
1,House,2,0.4,151.1
3,Apartment,7,5.1,163.4
1,Apartment,8,7.9,146.7
1,House,12,2.2,139.8
2,Boarding Room,9,6.7,131.0
3,Apartment,8,4.4,160.9
3,Boarding Room,7,0.6,110.0
3,Boarding Room,2,2.5,112.0
3,Apartment,4,2.4,160.1
5,Boarding Room,6,3.8,162.0
2,House,11,5.4,181.0
3,House,11,8.6,242.7
4,House,8,1.4,174.8
2,Boarding Room,2,3.4,109.7
1,Boarding Room,9,2.5,63.6
1,House,6,1.7,147.2
2,Apartment,8,4.7,155.2
2,Apartment,6,4.5,107.7
1,House,9,0.5,124.0
2,Boarding Room,3,4.5,137.5
4,Boarding Room,2,1.8,139.1
5,Apartment,3,4.5,216.3
3,Apartment,12,7.3,190.5
1,Boarding Room,1,5.5,78.4
4,Apartment,4,4.9,193.4
1,House,5,3.3,150.8
1,Apartment,11,4.6,115.0
3,Boarding Room,5,5.7,166.6
3,Apartment,11,5.5,162.5
2,House,12,4.3,195.2
5,House,8,5.0,221.7
1,Boarding Room,5,1.6,71.9
1,House,8,2.9,154.7
3,House,9,6.1,202.1
3,Apartment,2,6.4,186.9
5,Boarding Room,10,4.7,163.5
1,Boarding Room,6,7.8,127.6
3,Apartment,11,5.6,164.0
1,Boarding Room,8,4.0,92.7
1,Boarding Room,11,1.8,77.0
3,House,1,7.7,241.5
4,Boarding Room,1,6.2,164.5
1,House,2,8.5,195.7
5,Apartment,11,9.3,227.0
3,House,12,1.7,188.0
3,Boarding Room,12,1.7,115.3
5,Apartment,4,0.0,154.0
2,Apartment,4,6.5,151.7
2,House,5,5.9,192.2
4,Boarding Room,10,4.7,149.0
1,Boarding Room,4,1.8,85.1
5,House,7,4.3,239.6
5,Boarding Room,8,4.9,168.5
5,Apartment,5,6.2,235.7
3,Boarding Room,6,5.1,151.5
4,Boarding Room,8,6.0,161.5
5,Apartment,10,4.2,202.3
1,Apartment,3,7.1,140.2
2,Apartment,7,5.9,157.3
3,Apartment,2,1.9,149.5
4,Apartment,1,7.6,213.5
4,House,8,7.2,218.4
5,Boarding Room,6,5.5,180.6
3,Boarding Room,4,5.1,151.9
1,Boarding Room,1,8.1,133.0
1,House,12,0.9,143.1
5,Boarding Room,10,7.2,192.5
3,Apartment,12,3.5,152.0
4,Apartment,2,6.9,213.0
3,Apartment,1,4.8,165.1
5,House,3,1.8,222.5
2,Apartment,2,3.4,150.2
1,Apartment,6,6.7,150.5
4,Boarding Room,8,4.0,148.9
3,Apartment,3,3.1,170.6
5,Boarding Room,5,3.1,174.0
1,House,7,5.9,187.6
2,Apartment,4,8.4,209.1
5,Boarding Room,6,0.0,146.0
5,Boarding Room,8,10.7,211.7
1,Apartment,12,4.9,133.7
5,House,4,5.8,258.9
1,Boarding Room,2,3.5,101.5
1,Boarding Room,11,4.5,107.0
5,Apartment,7,4.9,187.5
1,House,6,2.2,164.7
2,House,9,2.7,179.4
1,Boarding Room,12,7.1,121.5
3,Apartment,2,1.1,147.6
1,House,11,5.5,162.4
2,House,8,3.7,171.5
2,Apartment,8,2.4,133.1
4,Apartment,11,8.8,217.1
3,Apartment,4,2.4,163.4
1,Boarding Room,10,2.0,77.4
3,Boarding Room,7,4.1,140.7
3,Apartment,12,2.8,275.3
2,Boarding Room,6,4.5,110.9
3,Apartment,9,4.8,169.1
2,House,6,5.0,208.7
2,House,5,4.2,186.5
4,Boarding Room,5,3.0,162.6
2,Boarding Room,12,5.9,115.2
2,Apartment,11,4.3,137.8
1,Apartment,3,3.4,120.8
4,Boarding Room,11,7.8,185.9
4,House,8,4.2,228.3
4,Boarding Room,2,6.9,175.2
1,Boarding Room,10,7.2,124.3
3,Apartment,2,7.3,208.2
2,Apartment,11,6.0,151.9
4,Apartment,6,4.5,188.3
2,Apartment,11,4.4,146.3
3,House,6,4.0,191.3
3,Boarding Room,2,0.0,104.1
4,Apartment,10,6.1,209.1
4,Boarding Room,9,5.0,145.4
5,Apartment,4,6.3,232.1
3,Apartment,3,4.2,175.1
5,Apartment,11,6.0,204.1
5,Boarding Room,10,1.5,141.0
3,House,4,1.9,204.9
4,Apartment,9,0.0,145.6
5,House,3,4.2,247.7
5,Apartment,3,2.8,210.3
2,House,8,2.5,159.2
4,Apartment,10,5.2,170.4
3,Apartment,12,3.6,171.2
1,Apartment,6,1.3,109.1
2,House,2,10.1,239.7
5,Apartment,7,4.4,192.7
5,Apartment,9,2.1,248.9
4,Apartment,12,3.0,156.2
5,Apartment,2,4.1,202.6
3,Apartment,8,4.1,151.4
4,House,7,7.4,232.1
1,Apartment,8,4.3,120.6
2,Apartment,2,8.6,160.7
1,Apartment,1,3.5,109.8
5,House,8,5.4,247.3
4,Boarding Room,3,6.7,181.4
5,Boarding Room,8,7.1,177.3
3,Boarding Room,1,7.4,163.6
3,Apartment,10,3.9,143.4
4,Apartment,4,4.5,198.1
3,Apartment,6,0.0,131.8
2,Boarding Room,5,4.1,117.2
2,House,6,6.9,204.3
3,Apartment,7,6.5,206.4
1,Apartment,8,4.3,115.9
1,Boarding Room,9,8.2,124.2
1,Boarding Room,12,3.7,96.1
1,Boarding Room,3,2.9,83.7
1,Apartment,11,3.5,97.9
1,Apartment,8,2.0,99.2
1,Boarding Room,4,5.9,125.5
5,Boarding Room,12,5.1,168.7
1,Boarding Room,9,5.8,55.5
3,Apartment,3,3.6,173.7
1,Boarding Room,3,4.4,96.8
5,Boarding Room,8,0.0,130.1
2,Boarding Room,9,5.3,101.6
4,Apartment,1,4.7,187.9
4,House,8,2.1,196.9
4,Apartment,7,4.3,189.1
4,Boarding Room,12,3.9,133.0
3,House,9,8.4,222.2
4,House,11,2.2,179.6
5,Apartment,1,5.2,204.4
2,Boarding Room,10,2.1,104.6
5,Apartment,5,3.3,194.9
5,House,7,5.1,227.2
4,House,11,4.0,200.6
5,Apartment,11,4.5,177.9
1,Apartment,3,5.2,128.8
3,House,3,3.4,204.9
4,Boarding Room,9,6.4,147.2
5,Boarding Room,11,3.8,161.8
1,House,8,4.3,158.5
5,Boarding Room,1,5.3,172.0
1,Apartment,2,5.0,139.3
2,Boarding Room,9,5.9,112.0
4,Boarding Room,9,5.2,160.1
2,Boarding Room,11,5.5,111.3
5,Apartment,7,3.8,191.4
5,Apartment,6,2.1,181.1
1,Apartment,2,1.4,114.8
2,Boarding Room,10,0.8,85.0
1,House,12,8.4,164.8
4,Apartment,1,0.0,149.5
5,House,6,7.1,243.6
4,Apartment,5,2.7,172.1
1,Boarding Room,9,7.1,111.9
1,House,10,0.0,116.5
1,House,3,4.0,171.8
3,Boarding Room,12,7.7,163.8
4,Apartment,2,6.1,191.8
1,Apartment,10,3.8,107.0
5,Boarding Room,9,0.2,129.5
2,Apartment,2,1.6,112.3
3,Boarding Room,9,7.6,147.8
4,Boarding Room,4,3.7,168.4
3,House,4,4.3,191.7
3,Apartment,2,5.1,170.6
2,House,9,1.6,146.2
3,Apartment,10,5.4,184.2
2,House,7,3.6,169.2
2,Apartment,10,5.1,139.4
4,Apartment,5,3.2,169.4
5,Boarding Room,7,1.0,143.4
5,Apartment,10,3.6,188.2
2,Apartment,6,5.9,153.4
2,Apartment,8,5.4,159.8
1,Apartment,2,4.6,136.3
2,Boarding Room,7,6.5,141.3
3,House,11,4.1,186.2
2,House,10,4.6,177.4
4,Apartment,4,3.4,180.4
1,Apartment,7,6.6,160.4
3,Apartment,8,5.1,167.3
2,House,12,3.3,168.3
3,Apartment,10,1.2,126.2
1,Apartment,10,6.9,135.3
3,Boarding Room,10,2.9,116.3
4,Boarding Room,5,4.7,169.4
5,House,5,9.7,277.5
2,Apartment,6,6.3,166.4
3,Boarding Room,6,8.0,169.2
4,Boarding Room,12,3.3,143.1
3,Apartment,11,6.9,159.8
3,Apartment,11,4.6,149.3
2,Apartment,8,5.3,135.8
5,Apartment,3,8.9,243.8
4,House,2,3.9,208.1
5,Boarding Room,4,4.5,174.4
4,House,8,2.5,186.2
2,Boarding Room,5,6.5,135.5
2,Apartment,8,3.3,121.9
1,Boarding Room,11,6.7,117.7
4,Boarding Room,5,0.9,135.7
4,Boarding Room,12,5.7,160.2
2,Boarding Room,7,3.1,102.7
1,House,10,6.1,148.5
5,Apartment,1,4.5,196.2
2,House,4,3.3,173.0
3,Apartment,12,3.6,156.7
1,Apartment,11,2.6,113.3
1,Boarding Room,7,6.3,117.0
5,Apartment,1,2.2,195.2
4,Apartment,1,3.9,172.6
1,House,6,5.3,168.0
1,House,11,8.0,195.8
3,Boarding Room,5,4.5,233.4
4,Apartment,11,4.0,169.3
3,Apartment,7,5.1,188.3
5,Apartment,2,0.0,174.8
4,Boarding Room,7,1.9,130.0
4,Apartment,5,3.7,176.5
2,House,3,2.9,189.6
4,Boarding Room,9,1.0,120.0
5,Apartment,3,6.4,223.3
1,Boarding Room,11,5.1,103.4
4,House,10,4.8,221.3
5,Boarding Room,10,3.0,156.3
3,Boarding Room,1,4.7,145.2
4,Boarding Room,12,5.6,162.6
2,House,6,3.9,186.9
1,Apartment,9,5.5,122.6
5,Boarding Room,3,2.7,182.0
2,Boarding Room,10,4.7,98.4
4,House,4,7.0,249.2
2,Apartment,9,7.2,148.4
2,Boarding Room,4,7.4,147.4
4,House,12,5.1,213.3
2,Boarding Room,9,4.6,112.0
5,Apartment,6,3.5,200.5
1,Boarding Room,6,0.5,61.6
1,Apartment,1,1.5,105.0
1,House,4,4.1,183.0
2,Apartment,10,4.3,124.0
1,Apartment,10,7.6,137.3
2,House,12,7.4,209.7
1,House,2,3.0,226.7
4,Apartment,4,6.3,206.9
1,Apartment,10,3.5,122.8
5,House,5,6.0,247.0
5,Boarding Room,3,6.3,186.9
4,Boarding Room,4,7.2,176.4
4,Boarding Room,12,3.4,136.8
4,House,11,6.7,242.3
5,Boarding Room,1,0.4,121.0
3,Boarding Room,11,7.4,138.9
4,Apartment,7,4.4,168.9
3,Boarding Room,11,4.5,142.0
4,Boarding Room,8,0.0,107.0
2,Apartment,9,3.6,130.0
1,Boarding Room,7,7.5,106.7
5,House,9,3.6,218.9
4,Boarding Room,10,6.1,166.2
4,House,7,4.6,221.1
2,Apartment,2,6.8,168.6
4,Boarding Room,2,4.9,144.7
3,Boarding Room,5,2.5,122.2
1,Apartment,6,4.6,135.5
5,Apartment,11,8.0,212.3
5,Boarding Room,1,5.6,186.3
5,House,11,4.2,235.9
3,Apartment,1,9.5,199.4
2,House,6,7.1,213.7
1,Boarding Room,6,6.3,116.3
4,Boarding Room,7,5.2,170.1
5,Apartment,1,6.1,234.2
1,Boarding Room,10,6.2,93.5
4,Boarding Room,2,0.0,128.7
1,Boarding Room,10,5.4,111.0
4,Boarding Room,7,4.1,230.5
1,House,11,3.4,142.5
5,Boarding Room,12,4.1,157.7
1,House,11,1.1,128.4
3,Boarding Room,6,0.5,103.7
4,Apartment,5,7.2,209.9
5,Apartment,8,5.5,213.5
2,Apartment,8,0.0,88.0
5,House,10,3.2,208.1
1,House,6,6.4,190.2
3,Boarding Room,6,3.9,139.6
5,Apartment,2,7.2,216.3
2,House,3,6.8,213.0
3,Boarding Room,10,1.5,116.4
3,Apartment,12,4.2,158.0
2,Boarding Room,8,3.5,95.0
4,Apartment,5,1.4,174.2
3,Apartment,1,1.3,156.6
4,Apartment,1,2.7,160.0
3,House,9,3.1,182.2
5,Apartment,8,5.1,212.9
3,House,4,6.8,227.5
4,Apartment,3,5.6,181.5
4,Apartment,1,6.2,200.6
5,Apartment,9,3.9,179.6
5,Apartment,8,5.8,194.9
2,House,4,4.2,170.1
2,Boarding Room,9,3.5,114.2
2,House,11,8.7,200.1
3,Apartment,7,0.0,132.3
3,Apartment,4,0.4,145.8
1,Apartment,1,5.3,137.4
5,Apartment,10,3.9,191.3
5,Apartment,7,1.3,179.5
4,Apartment,5,2.2,172.7
2,Boarding Room,1,2.5,93.1
5,Apartment,10,6.5,200.2
2,Apartment,12,7.2,163.3
2,Apartment,6,8.1,178.6
5,Apartment,4,1.0,185.3
5,Boarding Room,8,1.5,154.0
3,Apartment,11,1.3,136.2
1,Apartment,8,7.3,139.6
1,Apartment,1,5.4,114.5
5,Apartment,3,4.7,201.7
2,Apartment,2,5.0,141.6
4,Apartment,5,4.4,181.6
2,Boarding Room,6,2.0,103.7
3,Boarding Room,7,5.6,144.9
5,Apartment,10,4.1,208.3
3,Boarding Room,2,1.9,122.7
3,Boarding Room,12,5.8,160.2
3,Boarding Room,4,3.6,142.7
2,Boarding Room,7,5.0,131.9
3,House,3,4.2,201.1
3,Boarding Room,5,6.5,146.9
1,Boarding Room,10,5.0,90.4
3,House,1,2.6,184.3
4,House,6,5.2,221.4
1,Boarding Room,8,5.3,91.2
5,House,7,5.6,249.2
5,Boarding Room,5,6.8,186.1
4,House,5,3.1,198.8
1,Boarding Room,11,6.0,92.6
3,Apartment,3,0.7,139.2
5,Boarding Room,6,4.2,163.0
1,Apartment,5,3.9,128.8
4,Boarding Room,10,7.7,176.5
5,Apartment,10,4.2,196.0
1,Apartment,11,5.8,126.2
2,Boarding Room,2,0.6,77.0
4,House,2,3.7,210.1
5,Apartment,5,2.6,199.6
4,Boarding Room,6,9.9,209.5
3,Boarding Room,1,3.0,126.8
4,Boarding Room,11,4.7,159.4
3,Boarding Room,11,4.8,147.6
3,Apartment,6,1.0,136.2
4,Apartment,10,3.3,180.6
1,Apartment,7,5.4,133.5
2,Apartment,8,4.7,154.7
1,House,11,0.0,128.2
4,Boarding Room,2,3.3,127.3
4,Apartment,3,6.7,198.2
1,House,6,5.8,256.1
1,Boarding Room,11,7.2,95.7
2,Apartment,8,2.3,134.4
2,House,5,7.3,232.2
3,Apartment,1,4.4,161.6
3,House,8,8.0,302.6
2,Boarding Room,4,4.5,139.9
1,Apartment,4,0.0,103.1
4,Boarding Room,12,6.4,163.7
4,Boarding Room,7,3.5,97.7
4,House,2,3.7,340.8
5,Boarding Room,1,1.3,154.2
5,House,5,8.1,276.1
5,Apartment,1,3.4,196.1
4,House,6,8.0,249.2
1,House,5,3.6,147.4
2,Apartment,11,2.5,132.7
3,House,5,7.4,217.3
4,House,4,4.3,230.9
5,Apartment,8,4.4,203.4
4,Apartment,8,1.7,145.0
2,Boarding Room,1,3.5,102.9
4,Boarding Room,2,5.4,185.8
4,Boarding Room,3,1.6,136.3
4,Apartment,10,3.3,153.3
3,Boarding Room,3,3.6,142.5
4,Apartment,12,4.6,172.4
2,Apartment,6,7.8,157.8
2,Apartment,12,3.8,142.9
2,House,3,3.0,167.6
2,House,6,10.5,237.5
4,House,2,3.5,206.2
2,Apartment,11,4.1,143.8
1,Boarding Room,8,3.7,90.5
1,House,1,3.9,133.2
5,Boarding Room,9,4.7,169.3
3,Boarding Room,11,6.5,141.4
3,Boarding Room,9,5.4,149.3
5,Apartment,10,6.9,215.9
1,Apartment,4,6.8,162.9
5,Boarding Room,6,5.0,171.6
4,House,11,5.3,209.8
4,Boarding Room,8,6.9,168.3
3,Boarding Room,8,2.1,107.8
4,Boarding Room,10,10.0,202.3
2,Boarding Room,8,3.4,102.4
2,House,2,3.7,167.6
5,Boarding Room,3,1.8,148.3
2,Boarding Room,10,1.9,97.8
4,Boarding Room,3,6.6,175.4
5,House,8,9.5,389.7
3,House,6,3.3,204.6
2,Apartment,8,5.3,140.0
5,Apartment,3,5.0,189.5
5,House,4,6.7,253.1
3,Boarding Room,9,9.4,169.5
1,Boarding Room,3,7.8,130.2
3,Apartment,4,4.0,153.2
3,Boarding Room,12,5.7,150.5
1,Apartment,2,5.9,145.7
3,Apartment,7,4.5,168.5
1,Boarding Room,2,2.1,87.9
4,Apartment,9,2.7,149.0
3,Apartment,2,7.0,192.2
4,Boarding Room,7,7.3,184.1
3,House,6,4.0,211.7
4,Apartment,9,5.1,187.9
4,Boarding Room,1,7.1,249.2
1,Boarding Room,7,0.8,51.6
3,Boarding Room,7,3.5,127.0
4,Boarding Room,3,8.9,185.9
3,Boarding Room,4,5.2,161.1
2,Boarding Room,9,2.0,56.5
5,House,7,4.8,228.6
1,House,7,6.7,181.5
5,House,12,0.0,198.5
4,Apartment,5,4.9,202.0
2,Apartment,11,3.7,116.8
1,Apartment,12,0.9,74.0
5,House,7,4.7,237.8
3,Apartment,3,4.2,144.2
5,Apartment,6,4.4,206.2
5,House,1,3.7,235.8
1,Apartment,9,2.3,116.5
4,Boarding Room,4,1.3,129.2
2,Boarding Room,12,3.0,102.5
5,Apartment,8,6.4,218.6
2,Boarding Room,6,5.0,113.3
1,Boarding Room,3,4.3,113.9
4,Boarding Room,2,2.2,211.4
3,Boarding Room,9,3.7,115.4
3,House,10,6.1,206.4
2,Apartment,4,5.6,162.5
3,Boarding Room,1,3.5,134.4
5,Apartment,4,0.0,169.4
4,Boarding Room,10,3.0,135.4
5,Apartment,7,3.4,186.3
2,Apartment,2,2.5,125.7
5,Boarding Room,2,3.6,169.4
2,Apartment,2,6.3,156.4
5,Boarding Room,10,4.4,170.3
5,Apartment,10,6.7,216.3
1,House,5,1.2,136.7
5,House,9,3.8,225.8
4,Boarding Room,1,0.2,111.2
4,Apartment,7,3.6,159.4
3,House,4,2.2,183.6
2,House,10,7.3,196.0
5,Boarding Room,6,5.4,187.4
1,Apartment,11,6.7,141.4
5,Boarding Room,7,3.6,172.5
2,Boarding Room,6,2.3,93.2
4,Apartment,12,2.2,156.7
3,Apartment,12,5.1,182.1
2,Boarding Room,6,8.5,133.5
2,House,5,5.4,191.7
2,Apartment,8,3.7,125.7
5,House,3,4.1,237.7
4,House,5,4.4,220.0
4,House,11,9.0,252.8
4,House,11,7.2,235.3
3,Boarding Room,5,5.1,133.4
5,Boarding Room,5,4.7,174.0
2,House,11,5.2,180.3
5,Boarding Room,3,5.6,194.0
2,Apartment,1,3.6,164.1
2,Apartment,1,2.6,139.2
3,Boarding Room,2,6.8,147.0
4,Boarding Room,11,4.5,145.5
4,Apartment,1,6.6,201.5
4,Apartment,4,8.1,214.8
1,Apartment,8,5.6,138.9
1,Boarding Room,8,5.3,78.6
5,Apartment,10,11.5,254.9
5,Boarding Room,12,5.0,165.9
1,Apartment,5,2.1,115.6
5,Boarding Room,3,3.9,187.6
2,Boarding Room,2,7.9,90.7
5,House,11,1.7,209.0
5,Boarding Room,5,2.8,172.6
4,Apartment,11,6.9,197.2
1,Boarding Room,5,3.9,85.0
4,Boarding Room,10,4.3,156.6
1,Boarding Room,8,6.9,111.8
2,House,9,2.9,157.2
4,Apartment,8,1.3,150.0
1,Boarding Room,4,1.4,78.7
2,Apartment,2,5.8,149.3
4,Apartment,1,5.1,189.2
1,House,6,3.0,149.8
2,House,11,2.0,161.4
1,Apartment,8,3.9,125.4
4,Apartment,9,7.0,212.0
1,Boarding Room,4,2.7,180.2
2,House,6,3.0,166.3
3,Apartment,5,1.9,136.3
2,Boarding Room,2,3.7,136.5
2,House,8,5.2,190.6
5,House,5,9.2,273.2
4,Apartment,5,5.0,210.7
1,Boarding Room,8,4.4,107.6
5,Apartment,1,6.4,202.7
3,House,12,6.0,200.7
1,Apartment,3,3.2,124.4
5,Boarding Room,9,9.6,193.9
2,Boarding Room,10,4.4,107.6
2,Boarding Room,2,5.0,132.3
1,Boarding Room,3,5.7,101.9
5,House,5,5.3,251.9
2,Boarding Room,10,7.9,147.5
3,Apartment,8,3.2,154.6
2,House,6,6.2,199.0
5,Apartment,11,4.9,190.3
4,Boarding Room,6,6.7,182.6
3,House,11,4.0,177.5
2,Boarding Room,10,3.7,105.3
4,House,3,6.1,238.1
3,Boarding Room,5,5.3,159.5
5,Apartment,1,2.7,180.7
4,Apartment,3,7.5,208.6
1,Apartment,1,6.1,129.5
5,Apartment,2,4.3,208.1
1,Boarding Room,1,3.5,41.5
2,Apartment,9,5.3,137.9
3,Boarding Room,5,6.0,145.9
2,House,6,1.0,163.3
5,Apartment,10,5.3,188.6
5,Apartment,10,5.9,194.3
1,Boarding Room,7,0.0,72.0
2,Apartment,6,4.9,107.8
2,Apartment,8,6.0,164.8
4,Boarding Room,5,5.8,166.6
3,Apartment,6,6.3,183.1
4,Boarding Room,4,3.8,156.8
1,Boarding Room,3,2.2,101.5
3,Apartment,3,0.5,153.3
2,Boarding Room,8,6.9,143.8
2,Boarding Room,10,6.0,115.1
4,Apartment,6,7.1,197.7
1,Apartment,2,2.9,127.8
1,Boarding Room,8,6.3,122.9
3,Boarding Room,11,1.2,113.3
4,Apartment,7,2.6,167.8
3,Apartment,1,4.8,174.5
1,Apartment,1,6.0,148.1
4,Apartment,7,8.2,214.0
2,House,11,4.0,172.8
4,House,1,2.6,203.7
2,Boarding Room,10,2.5,85.0
5,Boarding Room,10,3.0,234.0
2,Boarding Room,1,9.4,149.1
5,Boarding Room,3,6.2,175.3
2,Apartment,1,6.9,168.0
4,House,7,4.0,213.4
3,Boarding Room,3,4.5,149.5
1,Boarding Room,11,6.0,117.0
1,Apartment,2,3.4,137.3
3,House,8,3.9,205.1
1,Boarding Room,10,3.0,71.6
4,House,3,3.5,202.7
1,House,4,4.6,182.2
3,Apartment,10,2.7,156.4
2,Apartment,2,5.1,171.6
1,Apartment,6,5.1,142.9
2,Boarding Room,4,4.1,101.9
3,Apartment,1,2.7,154.1
2,Boarding Room,6,4.7,128.4
2,Apartment,6,3.4,154.6
2,House,5,4.6,204.0
2,Boarding Room,10,6.9,137.4
3,Apartment,2,1.7,141.1
5,Boarding Room,6,9.3,203.0
3,Boarding Room,3,4.3,146.0
3,Apartment,10,5.4,156.3
4,Boarding Room,7,2.8,154.5
3,House,9,7.0,196.1
5,Boarding Room,2,4.2,248.5
3,House,6,3.6,200.3
2,Apartment,1,3.2,134.8
3,Apartment,4,3.9,159.0
4,House,12,5.4,200.7
2,Apartment,9,4.9,137.8
2,Boarding Room,1,4.4,111.2
3,House,5,2.9,295.5
5,Boarding Room,11,2.8,142.7
2,Boarding Room,3,3.5,120.3
3,Apartment,10,5.5,152.2
4,Apartment,4,6.0,207.5
4,Apartment,6,6.3,178.7
1,House,11,4.5,178.0
2,Apartment,9,5.3,145.4
5,Boarding Room,4,4.1,148.1
5,Boarding Room,1,0.7,133.2
4,Boarding Room,3,4.0,147.4
1,Apartment,6,3.7,119.8
3,Boarding Room,2,2.2,117.1
1,Apartment,11,3.3,105.5
2,Apartment,1,4.8,141.2
5,House,7,2.0,204.5
2,Boarding Room,12,2.9,108.7
1,Boarding Room,5,7.9,145.2
4,House,7,1.0,187.2
4,Apartment,1,4.1,179.6
4,Apartment,9,1.9,144.3
5,Apartment,12,2.8,184.5
4,House,10,4.1,208.8
4,Boarding Room,2,2.3,137.4
5,House,5,5.8,257.0
2,Boarding Room,9,7.5,136.9
3,House,10,6.4,196.3
3,Boarding Room,5,6.8,171.9
4,Boarding Room,12,1.5,122.6
3,Boarding Room,3,4.0,109.4
3,House,9,5.5,205.5
1,House,6,6.4,203.0
4,Boarding Room,9,8.4,188.7
1,Boarding Room,8,6.9,116.1
3,Boarding Room,6,6.5,147.5
3,Boarding Room,10,10.3,166.3
4,House,11,4.7,218.1
3,Boarding Room,10,3.9,123.3
1,House,2,4.9,165.2
3,House,6,2.5,196.2
2,Boarding Room,9,4.6,111.6
2,Apartment,11,0.7,118.1
2,House,5,3.3,169.9
1,House,9,4.2,165.0
5,Apartment,7,6.6,222.7
2,Boarding Room,3,6.9,155.5
3,Boarding Room,11,2.4,120.9
5,House,6,9.1,275.7
2,Apartment,8,4.8,144.0
5,Apartment,4,5.0,231.1
3,Apartment,1,0.9,133.6
5,Apartment,6,3.1,201.6
3,Boarding Room,9,6.8,142.7
1,Apartment,4,4.9,121.4
5,House,12,4.7,221.6
5,Boarding Room,10,5.0,171.1
5,Boarding Room,8,1.3,148.6
1,House,10,4.3,248.4
5,Apartment,11,7.6,230.3
2,Apartment,9,6.9,253.1
5,House,10,4.2,218.0
5,Apartment,9,7.9,227.5
1,House,11,1.7,136.6
2,House,2,2.4,163.1
2,Boarding Room,5,8.6,161.5
2,Apartment,11,5.8,151.0
3,Boarding Room,6,3.9,127.9
3,Apartment,1,4.4,162.2
4,Apartment,11,2.7,176.0
4,Apartment,8,5.1,197.7
2,House,11,4.9,180.4
1,Apartment,1,4.5,129.9
4,House,2,1.9,187.3
1,Apartment,7,5.1,150.9
1,Apartment,3,3.3,137.0
4,Boarding Room,7,2.3,143.2
2,Apartment,5,7.3,153.5
1,Apartment,3,9.3,174.5
2,Boarding Room,10,8.8,141.9
3,House,1,5.9,218.3
5,Apartment,11,3.9,184.9
5,Boarding Room,2,4.3,171.4
4,House,7,5.4,231.3
5,Boarding Room,12,3.6,151.9
3,Apartment,2,7.4,186.5
3,Apartment,12,0.0,127.1
5,Boarding Room,4,3.8,187.2
2,Apartment,9,6.3,162.3
5,Boarding Room,11,2.6,160.0
5,Boarding Room,3,4.0,174.3
2,Apartment,5,5.8,179.3
4,Boarding Room,11,7.8,155.4
4,House,2,1.7,219.4
4,Apartment,2,1.5,184.4
2,Boarding Room,4,2.4,112.9
5,House,8,1.1,213.3
3,Apartment,10,1.3,130.8
1,Apartment,7,2.4,109.8
1,Apartment,6,7.2,148.6
4,House,11,3.8,205.1
3,Boarding Room,3,4.6,268.0
1,Boarding Room,11,2.4,79.5
3,House,4,5.9,239.0
3,Boarding Room,4,8.6,177.0
1,Apartment,12,2.5,94.5
2,Apartment,8,8.3,189.8
3,Apartment,6,5.3,163.2
4,House,4,4.5,220.7
4,House,6,5.4,231.8
1,Boarding Room,10,5.4,102.0
4,Apartment,2,8.6,275.2
5,Apartment,3,5.6,209.6
1,Boarding Room,4,5.7,101.7
5,House,6,3.6,238.8
1,Apartment,10,6.3,147.6
4,Boarding Room,3,2.4,130.9
2,House,10,4.7,185.9
4,House,11,10.8,271.1
5,Boarding Room,6,0.0,132.4
5,House,12,5.0,216.3
5,Boarding Room,11,5.1,158.1
5,Boarding Room,10,4.0,153.0
2,Boarding Room,5,4.1,135.7
3,House,4,4.7,208.4
4,Boarding Room,11,3.9,131.6
1,Boarding Room,6,5.0,108.4
3,Apartment,1,3.4,143.5
3,Apartment,9,8.9,198.8
5,Boarding Room,5,3.9,163.7
1,Boarding Room,12,5.8,96.7
1,House,11,3.0,149.1
1,Apartment,2,6.6,166.9
3,House,11,6.1,228.0
3,Boarding Room,12,5.4,128.0
3,Apartment,10,2.2,133.0
2,House,4,2.8,181.9
2,Boarding Room,9,8.2,151.4
3,Boarding Room,11,2.8,93.0
1,Apartment,10,5.9,133.2
4,Boarding Room,6,2.4,135.5
1,Boarding Room,9,6.7,90.6
4,House,5,3.0,199.5
3,Apartment,4,2.4,150.4
5,Apartment,9,2.9,182.1
4,Boarding Room,6,3.3,157.3
3,Apartment,3,5.4,182.6
4,Apartment,8,4.7,189.7
1,House,4,2.1,153.0
1,Apartment,8,4.4,117.5
3,House,5,2.0,185.0
5,Boarding Room,11,5.9,182.4
5,Apartment,11,6.3,219.0
2,House,6,4.4,184.1
2,Apartment,9,5.1,135.6
5,Apartment,3,8.4,242.1
3,House,12,4.2,198.0
1,House,3,2.4,166.6
2,Boarding Room,11,5.8,113.5
5,Boarding Room,11,2.0,137.5
5,Apartment,3,4.0,211.8
5,House,1,3.2,221.4
1,Apartment,9,3.0,105.2
5,Boarding Room,11,3.9,172.2
1,Apartment,9,6.5,124.2
5,Boarding Room,1,6.9,211.0
5,Boarding Room,8,6.5,177.2
2,Boarding Room,5,5.2,138.5
1,Boarding Room,11,3.9,86.4
4,Apartment,10,0.0,141.7
1,Boarding Room,10,5.3,94.8
3,Boarding Room,5,0.0,69.5
2,Apartment,4,0.3,117.7
3,Boarding Room,10,4.1,118.4
5,Apartment,2,5.1,227.8
5,Boarding Room,2,3.5,167.4
3,Boarding Room,1,7.9,155.3
2,Apartment,7,5.5,140.2
5,Boarding Room,1,4.0,185.3
3,Boarding Room,7,7.5,153.9
1,Boarding Room,3,7.9,154.1
5,Boarding Room,11,5.6,177.1
5,Boarding Room,6,2.8,162.8
2,Boarding Room,2,3.3,113.0
1,Boarding Room,9,1.3,88.8
1,Boarding Room,5,4.4,83.3
3,House,4,2.2,191.7
2,Boarding Room,8,3.8,104.6
4,Boarding Room,12,5.1,151.5
4,Apartment,12,0.1,145.6
1,Boarding Room,6,1.7,78.1
5,House,11,3.4,222.0
1,Boarding Room,3,4.4,104.8
1,Apartment,11,3.4,100.2
4,House,12,3.9,213.1
4,Boarding Room,7,2.9,147.7
5,Boarding Room,7,1.3,140.1
3,Apartment,7,3.3,174.3
3,House,1,4.0,209.6
4,Apartment,11,3.8,179.0
4,Apartment,9,4.7,186.4
4,Boarding Room,11,5.4,153.7
2,Apartment,2,6.0,174.4
5,Boarding Room,10,3.1,167.6
2,Apartment,5,1.0,134.3
2,Boarding Room,10,7.3,125.7
2,Apartment,12,5.3,149.4
2,Boarding Room,11,2.4,99.0
2,Apartment,11,5.1,153.3
3,Apartment,2,6.8,187.0
4,House,4,8.3,250.8
3,House,4,5.1,228.3
5,Apartment,7,6.8,208.9
3,Apartment,12,1.8,130.3
3,Boarding Room,9,4.4,114.2
1,House,7,3.8,148.7
5,Apartment,10,5.3,211.5
1,Apartment,3,8.0,177.1
1,Apartment,8,5.0,128.7
5,House,7,2.4,314.5
3,House,3,1.7,184.6
1,House,8,8.1,177.0
3,Apartment,11,5.6,189.3
3,Apartment,10,5.5,178.6
1,House,11,3.7,154.6
4,Apartment,10,5.1,171.2
4,Apartment,6,2.3,167.4
1,Apartment,1,5.4,128.9
4,Apartment,12,1.9,159.3
2,Apartment,6,3.7,147.8
4,Apartment,8,3.1,164.3
2,House,1,0.0,131.5
2,House,11,3.7,190.3
3,Apartment,11,2.5,144.6
3,Boarding Room,12,4.0,131.9
2,Apartment,3,4.5,149.7
5,Apartment,11,8.4,209.6
4,Apartment,8,5.2,183.5
3,House,2,5.2,206.6
2,Boarding Room,7,5.6,132.8
3,Boarding Room,6,6.4,163.4
1,House,8,5.5,175.6
5,House,2,5.1,254.8
1,Apartment,7,6.1,159.6
4,Boarding Room,9,0.0,114.0
2,Apartment,9,9.1,187.8
4,Apartment,10,8.0,207.9
2,Apartment,8,5.0,127.8
1,Boarding Room,9,1.4,65.7
5,Boarding Room,2,7.2,187.6
4,Apartment,10,3.0,165.1
1,Apartment,5,5.7,137.4
1,Apartment,7,1.7,112.5
3,Apartment,7,9.4,214.0
5,Boarding Room,12,1.3,153.7
3,Apartment,4,4.7,190.4
1,House,5,0.0,118.2
4,Apartment,10,4.4,162.3
3,Apartment,8,3.6,182.8
4,Apartment,4,7.0,221.1
2,House,5,3.6,183.7
1,Apartment,10,7.0,141.4
1,Apartment,11,2.2,103.5
4,House,2,3.9,197.7
4,Boarding Room,5,3.9,147.6
2,Apartment,10,5.6,146.6
1,Apartment,2,5.3,132.3
4,House,3,6.1,231.8
1,Apartment,2,5.1,163.3
1,Boarding Room,7,6.0,108.1
3,House,6,2.5,191.0
4,Apartment,4,5.4,200.3
5,Apartment,2,8.0,239.2
4,Boarding Room,8,0.8,114.7
5,Boarding Room,10,5.6,184.1
4,Apartment,3,6.0,206.3
5,Apartment,8,7.7,209.8
1,House,10,6.1,167.7
1,Boarding Room,7,4.7,99.0
4,Apartment,7,5.4,188.4
5,Boarding Room,3,2.9,170.1
4,Apartment,12,3.6,178.5
2,Boarding Room,12,1.6,94.7
3,Apartment,9,7.8,187.6
1,Boarding Room,11,5.5,100.9
2,Apartment,8,2.5,105.4
4,Boarding Room,8,5.1,161.6
1,House,10,7.1,181.3
3,Boarding Room,1,6.7,142.6
2,Apartment,3,2.5,140.4
3,Apartment,3,0.0,142.4
4,Boarding Room,8,5.4,167.7
5,Boarding Room,3,2.5,167.4
3,Boarding Room,5,5.9,276.1
5,Apartment,6,6.6,231.2
4,House,9,6.9,227.6
5,Boarding Room,7,8.3,205.8
4,Apartment,1,7.2,198.5
3,Apartment,9,8.3,200.0
4,Apartment,6,7.5,195.2
2,Apartment,2,7.7,185.0
4,House,8,4.4,213.5
4,Apartment,4,1.7,178.0
4,House,6,10.0,257.9
1,Boarding Room,12,4.6,97.0
3,House,3,7.2,229.2
4,House,11,3.3,205.7
1,House,6,6.6,174.5
4,Boarding Room,12,0.0,119.4
5,House,11,3.6,203.4
3,Boarding Room,10,4.3,118.6
5,Apartment,3,5.5,200.4
5,Boarding Room,10,6.9,190.1
3,Apartment,5,2.1,156.7
5,Apartment,11,6.0,210.2
5,Boarding Room,12,7.2,203.3
1,Boarding Room,8,9.7,133.1
5,Boarding Room,11,6.1,182.6
1,Apartment,7,3.5,121.6
3,House,1,1.7,176.8
5,Apartment,11,8.5,239.3
4,House,7,6.1,251.8
2,House,1,4.5,177.3
4,Apartment,1,0.9,162.8
2,Apartment,9,2.5,126.9
2,Apartment,12,5.9,157.4
5,Boarding Room,9,5.3,172.8
1,Apartment,6,0.2,95.4
5,Apartment,4,5.9,184.3
3,Apartment,6,1.0,156.7
1,Apartment,4,7.5,153.9
4,Boarding Room,4,5.0,162.3
1,House,2,3.5,157.6
2,Boarding Room,7,6.7,126.6
2,House,3,5.3,197.6
4,Boarding Room,2,7.4,179.9
2,Apartment,4,4.7,149.3
4,Apartment,10,4.8,178.9
1,Boarding Room,7,3.9,93.6
4,Apartment,6,5.1,200.9
4,Boarding Room,8,8.2,165.5
2,Apartment,7,3.4,130.1
5,House,6,5.9,258.7
3,Boarding Room,11,2.6,106.2
4,Apartment,9,0.0,131.0
1,House,3,5.0,168.7
5,Apartment,10,5.3,198.5
2,House,3,4.3,186.0
4,Apartment,1,1.2,154.6
1,Apartment,6,5.2,128.1
1,Boarding Room,5,5.1,118.3
1,Boarding Room,10,2.5,88.6
5,Apartment,9,1.5,151.1
2,House,1,3.9,162.0
5,Boarding Room,6,5.9,196.5
3,House,10,5.4,215.0
1,Apartment,9,2.6,85.3
3,Apartment,7,4.8,175.6
3,House,8,6.5,228.0
2,House,7,1.9,152.7
4,Apartment,3,4.6,206.8
5,Boarding Room,7,7.4,192.8
5,Boarding Room,9,1.7,144.8
3,Boarding Room,1,7.0,148.1
5,House,9,8.1,357.6
5,Boarding Room,3,4.0,182.4
1,Apartment,1,3.7,140.2
4,Boarding Room,10,6.8,177.6
4,Apartment,5,4.1,186.6
1,Apartment,5,0.0,131.0
4,Apartment,8,4.3,190.8
5,Apartment,7,5.5,214.7
2,House,8,6.1,181.1
5,House,12,2.6,201.2
5,Apartment,8,3.9,177.8
4,Boarding Room,1,6.6,160.9
4,House,3,4.4,237.6
3,House,6,1.1,182.0
3,House,6,7.2,219.6
3,Apartment,5,4.0,166.8
3,Boarding Room,3,6.9,158.6
3,House,2,1.4,187.4
5,Apartment,2,4.2,194.1
4,Boarding Room,12,5.6,161.5
2,Apartment,5,4.3,155.4
3,Apartment,12,1.9,131.7
2,Boarding Room,5,0.0,103.8
1,Apartment,4,7.9,160.9
2,Apartment,6,5.0,235.4
1,Apartment,12,7.1,154.1
5,Boarding Room,7,6.5,187.9
1,House,1,5.8,178.6
2,Apartment,4,3.8,137.5
2,Apartment,12,5.6,159.7
2,Apartment,2,7.7,197.9
2,Apartment,11,4.7,128.9
4,Apartment,12,8.7,216.0
5,Boarding Room,3,1.2,143.7
1,House,7,1.0,162.6
2,Boarding Room,8,6.7,142.8
3,House,10,2.7,180.4
2,Apartment,10,9.0,162.7
4,Boarding Room,1,7.4,166.7
2,Apartment,4,8.0,190.4
3,Boarding Room,12,6.4,132.9
3,House,5,2.5,267.4
2,House,3,0.8,159.8
4,Apartment,8,7.8,206.7
4,Apartment,3,1.2,167.3
3,House,2,8.0,227.5
3,Apartment,10,6.0,178.0
5,Apartment,2,4.3,195.0
5,Apartment,11,5.5,208.1
5,Boarding Room,3,5.5,188.3
1,Apartment,2,4.1,135.4
5,Apartment,9,7.6,231.0
5,House,3,7.6,262.9
5,Apartment,5,4.8,204.1
4,Apartment,5,3.2,162.5
2,Apartment,7,7.4,149.8
4,House,6,0.1,184.6
3,Apartment,3,5.5,248.7
5,House,3,6.1,245.1
2,Boarding Room,3,2.7,100.6
4,Apartment,1,6.6,215.4
4,House,8,4.4,222.3
5,House,6,3.3,217.8
1,Boarding Room,2,6.6,115.5
5,Apartment,4,2.1,194.0
2,Boarding Room,9,6.4,119.1
5,Boarding Room,4,0.1,136.0
1,House,5,5.1,172.6
2,House,9,4.6,186.8
4,Boarding Room,9,3.3,148.4
3,House,9,5.4,192.6
4,Apartment,5,4.3,193.1
3,House,6,6.8,222.5
1,House,11,5.7,156.8
4,House,11,5.5,216.1
3,House,1,5.1,192.5
3,House,11,3.5,196.4
2,Apartment,11,3.8,150.3
5,Boarding Room,12,5.0,167.3
4,Apartment,4,4.1,181.5
1,House,7,6.9,194.1
1,Boarding Room,1,4.7,112.8
1,House,2,5.3,163.5
1,Boarding Room,7,1.4,72.8
4,House,3,6.6,240.9
4,Apartment,3,3.2,172.0
3,House,4,2.2,193.5
3,House,6,8.1,226.0
5,Apartment,2,6.0,211.9
5,Apartment,10,6.6,209.2
3,Boarding Room,9,5.5,121.2
3,House,10,4.3,169.8
3,House,12,3.9,200.3
5,Boarding Room,8,6.2,173.3
4,Boarding Room,5,7.0,201.2
2,Apartment,12,4.3,161.5
5,Boarding Room,7,9.1,202.4
2,House,6,4.1,205.9
4,Boarding Room,5,1.4,144.8
5,House,1,0.7,199.2
5,House,12,0.8,176.5
1,House,10,3.6,155.6
2,Apartment,9,4.0,136.3
4,Boarding Room,3,6.0,266.3
1,House,12,4.4,157.2
1,Apartment,3,6.4,139.3
2,House,3,4.6,185.4
3,Apartment,1,4.5,172.3
1,Boarding Room,4,3.2,93.3
1,House,4,7.6,193.4
2,House,10,1.1,131.9
3,Boarding Room,4,5.2,149.2
3,Apartment,12,4.1,146.7
4,Boarding Room,4,6.2,183.9
5,Apartment,7,4.5,193.3
1,Apartment,8,4.5,122.2
4,Apartment,10,3.9,191.9
1,Boarding Room,10,7.6,112.5
2,Boarding Room,11,4.5,105.7
2,Apartment,12,8.8,183.5
4,Boarding Room,2,5.1,143.9
2,Apartment,2,4.5,163.9
5,Apartment,6,4.2,212.4
2,Apartment,2,5.7,166.2
5,Apartment,6,3.2,160.9
5,Boarding Room,8,4.8,167.0
3,Boarding Room,4,4.5,130.4
1,House,2,5.2,185.0
4,House,12,5.3,230.7
3,House,5,5.4,217.9
2,House,11,4.7,164.7
3,Apartment,8,8.0,203.6
2,House,8,5.4,182.8
2,Apartment,10,10.2,292.9
5,House,4,4.6,247.5
2,House,3,6.6,210.9
3,House,12,2.9,178.6
4,Apartment,9,7.6,214.8
2,Apartment,4,3.0,148.7
4,Boarding Room,8,5.5,171.5
5,Apartment,5,3.9,205.0
5,House,11,5.5,236.6
1,Apartment,7,4.0,130.8
3,Boarding Room,4,2.8,143.5
1,Apartment,9,3.9,127.5
4,Apartment,10,7.9,203.5
2,Apartment,5,5.5,143.6
5,Apartment,10,1.7,178.4
1,Apartment,3,6.9,140.8
5,Apartment,3,2.5,192.6
2,Apartment,10,6.1,150.9
5,House,8,5.7,227.6
1,Apartment,1,5.9,143.6
2,Apartment,9,8.6,194.2
2,Boarding Room,4,2.7,107.3
5,Apartment,4,5.8,227.4
4,Apartment,6,7.3,232.7
5,Apartment,6,3.1,202.3
3,House,11,2.9,173.5
4,Boarding Room,6,3.9,154.3
4,House,4,5.2,236.5
4,Boarding Room,10,1.4,134.5
5,Apartment,7,5.7,222.8
5,House,1,1.4,183.5
3,Apartment,8,7.3,175.2
3,House,7,5.6,208.3
4,House,7,8.7,241.5
4,Boarding Room,3,6.0,134.7
5,House,6,3.8,227.4
4,House,8,2.7,199.9
5,Apartment,9,5.0,193.0
4,Boarding Room,9,4.4,135.6
5,Boarding Room,12,7.1,188.3
4,House,7,2.5,205.1
5,House,6,8.9,225.9
1,House,7,7.3,200.2
5,Apartment,4,4.1,206.0
2,Boarding Room,4,8.5,147.9
4,Apartment,9,2.8,151.0
2,Apartment,4,5.0,156.5
3,Boarding Room,9,1.7,116.7
4,Boarding Room,9,8.6,170.3
3,Boarding Room,12,0.9,108.0
4,Boarding Room,2,1.3,132.6
1,House,5,3.1,179.7
5,Apartment,10,7.4,220.2
3,Apartment,6,6.6,178.8
4,Apartment,8,4.8,188.5
2,House,9,6.7,200.7
3,House,11,4.2,187.1
3,Apartment,3,5.4,167.7
1,Apartment,4,8.1,171.4
3,Apartment,6,4.0,165.3
4,Apartment,7,2.8,154.3
5,Apartment,11,5.5,204.9
5,Apartment,1,6.1,207.7
2,Apartment,3,4.7,140.7
4,Apartment,11,6.7,190.2
1,Boarding Room,8,4.1,104.3
5,Apartment,9,4.8,208.4
5,Apartment,3,5.3,224.0
5,Apartment,8,5.1,204.7
3,Apartment,5,8.0,206.3
2,Boarding Room,9,5.3,117.6
4,Boarding Room,2,3.8,140.6
4,Apartment,4,5.7,191.2
2,Apartment,8,6.7,154.7
3,Boarding Room,8,6.2,158.6
4,Boarding Room,11,6.1,169.5
3,Boarding Room,10,1.2,44.8
2,Apartment,1,0.0,111.5
2,Boarding Room,2,7.3,139.4
3,Apartment,5,5.5,178.1
2,Apartment,12,4.5,137.3
2,House,6,6.0,212.3
1,Apartment,11,8.7,155.8
2,Boarding Room,1,7.6,144.0
4,Apartment,12,6.6,198.2
2,House,1,2.5,156.1
1,Boarding Room,10,2.8,78.8
5,House,11,0.0,203.7
3,Apartment,4,5.9,198.9
3,Boarding Room,4,6.9,151.0
3,Boarding Room,7,7.1,140.8
3,House,9,6.0,205.6
3,House,2,4.2,212.4
4,House,3,3.3,218.6
5,Boarding Room,10,2.7,155.3
5,House,10,4.1,211.5
3,Boarding Room,2,2.3,116.1
2,Apartment,11,8.4,149.0
1,Apartment,11,1.6,97.7
3,House,11,4.1,168.0
5,Apartment,3,0.2,142.2
2,Apartment,9,5.2,160.8
5,Boarding Room,2,4.5,176.4
4,Apartment,3,3.7,168.5
4,Boarding Room,1,2.4,140.3
3,House,6,4.5,222.6
4,Boarding Room,9,3.3,141.2
1,Apartment,3,4.2,145.4
1,Boarding Room,3,8.8,135.5
1,Apartment,4,4.9,221.3
4,Boarding Room,3,5.7,168.6
3,Apartment,10,3.5,129.6
2,Apartment,3,2.8,162.8
1,Apartment,4,4.4,138.0
3,House,4,10.0,260.7
2,Boarding Room,3,3.9,114.3
1,Apartment,12,5.3,115.9
1,House,3,2.7,170.6
4,Boarding Room,6,0.0,109.8
4,House,7,2.8,207.6
2,House,4,9.7,236.3
3,House,6,5.8,215.2
2,Apartment,3,8.1,175.0
3,Apartment,6,3.7,161.4
1,Apartment,1,0.0,83.5
5,Apartment,6,2.1,193.6
4,House,5,5.4,237.6
5,Boarding Room,5,5.0,181.9
2,House,2,4.5,180.1
5,Apartment,12,3.3,208.7
3,Boarding Room,1,6.6,258.5
1,Apartment,2,3.4,108.7
2,House,2,5.2,190.6
5,Apartment,12,4.9,197.9
4,House,4,3.7,230.5
4,Apartment,6,2.6,178.0
2,House,10,3.6,166.8
4,Apartment,1,8.6,221.0
5,House,1,6.9,260.4
1,Boarding Room,3,6.7,144.9
2,Apartment,9,2.8,128.8
1,House,12,1.3,127.9
1,Boarding Room,8,6.9,116.3
5,Apartment,11,6.5,183.8
2,House,11,4.8,177.2
1,Apartment,4,3.7,141.4
1,House,3,1.3,151.2
5,Apartment,2,6.4,223.3
3,House,10,7.1,219.4
4,Apartment,9,3.0,175.2
2,Apartment,11,2.8,140.9
4,House,7,7.2,244.3
5,Apartment,12,3.1,182.5
4,Boarding Room,11,8.4,154.2
3,Apartment,10,4.3,164.9
2,Apartment,10,3.6,137.3
2,House,2,4.6,188.3
3,Apartment,9,3.6,144.4
3,House,12,7.0,225.5
1,House,4,6.4,185.0
1,Boarding Room,10,6.9,109.8
3,Apartment,5,4.9,174.6
1,Apartment,3,3.5,132.4
3,Boarding Room,9,4.5,116.4
2,Apartment,2,3.6,149.1
2,Apartment,6,7.7,169.6
1,House,12,6.7,170.8
3,Apartment,2,4.3,176.2
1,Boarding Room,2,2.5,76.7
4,Apartment,12,7.9,215.0
5,House,10,4.8,231.4
5,Apartment,6,4.2,186.2
4,Boarding Room,5,7.9,200.8
5,House,12,3.4,226.1
5,Boarding Room,9,3.8,162.4
4,Boarding Room,11,4.0,152.1
2,Apartment,2,1.6,142.8
3,Apartment,7,5.2,172.6
5,House,9,2.8,221.8
4,Boarding Room,1,3.2,146.7
2,House,7,3.0,166.2
1,Apartment,1,3.2,102.8
1,House,11,2.7,144.5
2,House,9,5.0,193.2
5,House,3,4.2,246.0
