issue_type,priority,queue_length,technicians_available,request_hour,day_of_week,waiting_time_minutes
Electricity,Normal,8,2,13,2,176
Air Conditioner,Normal,0,1,11,1,57
Plumbing,High,3,3,15,5,98
Plumbing,Normal,0,2,20,6,63
Plumbing,Normal,6,1,10,6,174
Other,High,3,1,12,2,79
Air Conditioner,Normal,12,3,16,6,290
Electricity,Normal,7,2,9,0,171
Other,High,4,2,20,0,120
Internet,Normal,6,1,14,2,155
Air Conditioner,High,12,1,20,2,275
Other,Normal,2,3,13,6,85
Plumbing,Normal,3,4,18,5,93
Air Conditioner,Low,7,2,12,5,201
Electricity,Low,1,4,13,5,87
Plumbing,Normal,6,3,12,5,160
Door/Lock,Low,2,2,15,3,94
Air Conditioner,Normal,11,3,10,0,227
Door/Lock,Normal,10,1,14,0,228
Air Conditioner,Low,0,2,18,6,122
Other,Normal,6,3,10,3,127
Air Conditioner,Normal,2,4,18,6,103
Other,Normal,7,1,19,0,191
Air Conditioner,Normal,7,4,8,4,143
Other,Low,12,3,16,1,255
Other,Low,2,1,14,2,108
Internet,High,6,4,16,4,90
Air Conditioner,High,12,4,11,3,205
Internet,Normal,1,2,10,0,53
Internet,Normal,3,1,11,6,127
Electricity,High,9,2,9,4,191
Internet,Normal,1,4,13,2,31
Other,Low,2,1,19,4,132
Other,Low,12,2,18,1,302
Electricity,Low,7,2,10,3,188
Air Conditioner,Normal,0,1,15,2,38
Air Conditioner,Normal,11,3,8,2,251
Internet,Normal,6,4,8,3,104
Other,Low,6,1,16,6,182
Electricity,Low,12,4,11,0,240
Air Conditioner,Normal,4,4,17,3,147
Plumbing,High,4,4,10,6,94
Plumbing,Normal,7,3,9,6,163
Other,Normal,3,2,17,6,115
Internet,Normal,1,1,10,2,61
Air Conditioner,Normal,1,4,8,3,52
Plumbing,Normal,3,3,18,4,104
Air Conditioner,Low,1,2,17,5,121
Internet,Normal,6,2,20,6,181
Internet,High,12,1,15,1,232
Air Conditioner,Low,3,2,14,0,143
Plumbing,Normal,0,4,16,1,18
Other,High,0,3,18,1,10
Door/Lock,Normal,2,2,16,2,65
Internet,Normal,7,1,12,6,194
Electricity,Low,6,2,19,1,181
Other,High,5,1,17,2,140
Internet,Low,9,2,19,2,244
Other,Normal,5,1,15,1,147
Air Conditioner,Low,8,4,13,1,205
Air Conditioner,Normal,12,1,18,6,314
Air Conditioner,Normal,2,1,15,4,79
Other,High,1,3,18,0,37
Internet,Normal,2,2,19,4,89
Air Conditioner,High,2,4,11,4,44
Other,Normal,10,2,10,2,175
Other,Normal,11,3,9,5,245
Plumbing,Low,7,4,15,5,177
Internet,Low,1,4,18,5,96
Internet,Normal,11,4,20,4,243
Air Conditioner,Normal,11,3,8,3,234
Internet,Low,5,4,8,1,127
Plumbing,Normal,8,2,16,0,185
Other,Normal,7,4,11,6,159
Other,Normal,6,4,14,5,136
Other,Normal,4,2,9,1,97
Door/Lock,Low,3,1,8,5,121
Air Conditioner,Normal,3,3,14,0,112
Plumbing,High,4,1,16,1,110
Internet,High,9,1,19,1,213
Plumbing,Low,10,4,14,2,227
Internet,Low,1,3,16,2,74
Plumbing,Normal,0,3,19,3,36
Air Conditioner,Normal,6,4,13,3,136
Electricity,High,9,4,10,0,160
Internet,Normal,7,4,18,1,167
Electricity,High,10,1,8,5,260
Internet,Low,9,2,11,3,223
Electricity,High,9,4,9,6,166
Door/Lock,Normal,7,1,16,0,145
Internet,Normal,0,1,11,2,32
Internet,High,2,3,12,1,26
Electricity,Normal,9,2,16,6,183
Electricity,Low,4,1,11,1,137
Air Conditioner,Normal,9,4,12,5,218
Internet,High,4,2,14,1,84
Air Conditioner,High,0,2,9,5,48
Other,Normal,8,3,20,3,162
Door/Lock,Normal,11,3,20,6,258
Electricity,Normal,5,2,17,0,150
Other,Normal,1,4,9,2,25
Internet,Normal,5,2,14,5,115
Air Conditioner,Normal,12,4,12,6,257
Door/Lock,Low,4,4,10,3,99
Other,Normal,0,1,19,0,61
Air Conditioner,Normal,9,4,13,4,191
Plumbing,Normal,3,1,16,3,115
Internet,Low,0,2,16,5,78
Plumbing,Normal,8,4,12,3,169
Internet,Normal,4,1,12,6,125
Internet,High,1,3,20,0,20
Door/Lock,Low,0,4,18,4,46
Air Conditioner,High,2,2,14,5,95
Electricity,Normal,1,1,14,2,72
Other,High,0,1,8,3,25
Plumbing,Normal,4,3,10,4,97
Electricity,Normal,10,1,8,3,231
Air Conditioner,Normal,5,1,18,2,176
Plumbing,Normal,0,4,20,4,40
Electricity,Normal,11,3,10,5,273
Plumbing,Normal,8,2,11,0,174
Internet,Normal,12,1,12,6,318
Internet,Normal,7,4,18,1,136
Other,High,6,3,13,0,112
Other,Normal,6,1,8,1,137
Plumbing,Normal,0,4,15,0,21
Air Conditioner,High,4,1,9,6,147
Other,Normal,5,3,16,2,109
Plumbing,Low,3,3,19,5,158
Plumbing,High,10,2,8,1,196
Air Conditioner,High,12,4,20,3,216
Internet,Normal,6,3,16,2,135
Plumbing,Normal,10,2,8,4,221
Air Conditioner,Normal,2,1,10,6,113
Electricity,High,11,2,10,4,209
Door/Lock,High,9,2,19,4,186
Plumbing,Low,9,3,17,1,224
Internet,High,7,2,12,0,142
Electricity,Normal,10,1,14,0,242
Plumbing,Low,6,3,12,2,187
Plumbing,Low,12,2,13,3,299
Air Conditioner,Low,8,2,16,0,222
Plumbing,High,5,3,10,1,102
Other,Normal,2,4,17,4,56
Air Conditioner,Normal,11,1,20,6,293
Other,Low,0,4,20,6,80
Air Conditioner,Normal,0,3,10,1,35
Plumbing,Normal,0,3,13,0,33
Internet,High,1,1,11,4,29
Other,Normal,3,3,16,6,109
Air Conditioner,Normal,6,3,12,2,143
Air Conditioner,Normal,3,3,13,6,126
Internet,Normal,5,4,9,5,109
Plumbing,High,5,4,15,6,98
Internet,Normal,5,4,14,6,133
Door/Lock,High,0,2,15,0,10
Air Conditioner,Low,6,3,12,2,153
Other,Normal,3,1,17,0,103
Air Conditioner,High,6,3,15,0,137
Other,High,0,1,10,3,32
Other,Normal,11,2,12,4,220
Internet,Normal,9,3,16,6,193
Other,High,4,2,9,0,91
Door/Lock,Normal,4,4,12,0,85
Air Conditioner,High,4,1,19,0,132
Air Conditioner,Normal,12,4,13,6,270
Air Conditioner,Low,9,3,14,4,236
Electricity,Normal,5,2,16,3,152
Internet,Normal,8,1,12,0,173
Electricity,Normal,0,1,18,2,58
Internet,Normal,10,2,8,0,205
Electricity,High,7,3,14,0,140
Air Conditioner,Normal,4,3,15,3,108
Plumbing,High,9,2,11,3,187
Other,Normal,0,3,18,3,38
Plumbing,Normal,6,3,9,6,157
Plumbing,Low,12,2,16,6,303
Air Conditioner,Normal,9,2,16,0,225
Other,Low,0,2,18,1,62
Plumbing,Low,7,3,10,3,178
Internet,Normal,8,3,10,2,148
Air Conditioner,Normal,6,1,15,3,174
Air Conditioner,Normal,4,4,20,4,115
Internet,Normal,8,1,18,1,218
Internet,Normal,5,3,10,5,129
Internet,Normal,12,1,13,1,254
Plumbing,Normal,10,2,11,2,218
Other,High,11,3,18,1,236
Electricity,High,5,4,14,4,63
Other,Low,8,3,13,4,180
Air Conditioner,Normal,1,1,8,4,81
Plumbing,High,9,4,16,3,151
Plumbing,High,9,2,13,2,189
Door/Lock,Normal,10,2,8,4,200
Door/Lock,Normal,0,1,10,0,36
Electricity,Normal,5,3,17,2,133
Air Conditioner,High,3,2,17,4,102
Air Conditioner,Normal,11,1,14,4,246
Air Conditioner,Low,6,3,17,1,192
Other,High,7,1,17,2,146
Plumbing,Normal,5,3,16,2,111
Air Conditioner,Low,1,3,10,6,108
Plumbing,Normal,8,4,13,4,175
Air Conditioner,Normal,7,3,18,0,211
Other,Normal,4,3,12,1,86
Plumbing,Normal,8,1,16,0,187
Other,Low,5,1,18,1,182
Internet,Low,8,3,14,1,210
Internet,Normal,4,3,14,3,109
Electricity,Low,10,3,10,5,237
Internet,Normal,11,3,14,6,235
Internet,Normal,6,4,8,3,125
Air Conditioner,Normal,0,3,9,5,70
Other,Normal,8,1,15,4,194
Plumbing,Low,12,2,10,2,277
Plumbing,Normal,9,2,12,4,210
Plumbing,Normal,4,3,12,2,112
Internet,Normal,7,3,14,2,134
Plumbing,High,4,3,17,6,135
Plumbing,Low,10,3,13,6,266
Air Conditioner,High,9,2,18,4,202
Plumbing,Low,8,1,14,4,233
Air Conditioner,High,5,4,20,4,125
Other,Low,2,2,20,5,140
Plumbing,Normal,8,1,13,0,216
Other,Low,4,4,17,2,122
Internet,Normal,11,1,13,0,245
Door/Lock,Low,0,2,19,3,32
Other,Low,11,3,17,2,273
Plumbing,Low,10,2,12,2,258
Internet,Low,6,4,12,5,176
Air Conditioner,Normal,12,2,19,1,274
Air Conditioner,Normal,9,3,15,6,233
Plumbing,Low,0,2,17,2,96
Internet,High,5,2,16,1,93
Other,Normal,10,2,10,1,224
Plumbing,Normal,10,4,11,4,203
Door/Lock,Normal,2,4,19,6,51
Plumbing,Normal,2,2,11,6,104
Air Conditioner,Normal,12,2,19,1,276
Air Conditioner,High,0,2,12,6,31
Internet,Normal,12,3,19,1,257
Electricity,High,7,3,15,3,129
Plumbing,Normal,10,3,9,0,226
Air Conditioner,High,2,2,11,1,69
Internet,Normal,4,2,20,2,130
Door/Lock,Normal,9,3,10,6,197
Air Conditioner,Normal,2,4,10,1,75
Door/Lock,Normal,1,4,9,1,10
Internet,Low,7,1,15,1,196
Electricity,Low,0,1,18,1,89
Air Conditioner,Normal,12,3,20,3,281
Other,Normal,8,1,19,1,208
Electricity,High,9,3,19,2,177
Plumbing,Normal,6,2,19,3,163
Other,Low,8,1,15,5,252
Other,Normal,12,3,18,0,233
Internet,Normal,0,3,16,2,28
Door/Lock,High,3,3,9,3,58
Air Conditioner,High,9,4,8,6,196
Door/Lock,Low,1,4,9,6,84
Plumbing,Normal,3,2,12,6,126
Other,High,0,3,14,3,10
Plumbing,Normal,0,4,16,0,11
Air Conditioner,High,5,4,14,6,122
Plumbing,Normal,8,3,12,4,181
Door/Lock,Low,1,1,17,6,114
Electricity,Normal,12,2,19,6,281
Door/Lock,Low,10,1,10,5,244
Air Conditioner,High,8,1,11,2,189
Air Conditioner,Normal,0,2,20,4,51
Internet,Normal,6,2,20,4,151
Plumbing,Normal,11,4,12,6,206
Internet,Normal,3,2,14,1,95
Other,High,7,1,15,3,163
Internet,Normal,7,1,16,4,170
Plumbing,Normal,9,1,19,1,255
Electricity,Low,11,2,9,2,275
Other,High,1,2,14,6,55
Internet,Normal,0,2,10,0,30
Door/Lock,Low,1,2,17,3,78
Plumbing,Normal,3,2,15,4,102
Door/Lock,Normal,4,3,17,6,117
Air Conditioner,Normal,11,1,19,1,286
Door/Lock,Normal,6,4,18,2,130
Other,Normal,9,2,19,0,208
Other,High,7,1,18,2,180
Air Conditioner,Normal,12,1,16,6,296
Door/Lock,Low,4,3,13,5,126
Air Conditioner,High,8,3,12,2,151
Electricity,Normal,3,1,12,4,99
Internet,Normal,3,2,15,6,131
Electricity,High,12,1,18,3,251
Plumbing,Low,0,4,12,2,47
Internet,High,3,2,15,6,80
Internet,Normal,5,4,13,5,90
Internet,Low,1,3,15,3,69
Electricity,High,10,4,18,0,183
Internet,Normal,4,3,13,0,95
Plumbing,Low,5,1,13,0,180
Air Conditioner,High,3,3,10,4,76
Electricity,High,11,2,14,1,218
Internet,High,5,4,13,0,67
Plumbing,Low,10,2,10,4,254
Air Conditioner,Low,8,1,20,3,248
Other,Normal,12,1,19,3,253
Other,High,7,3,11,1,135
Internet,Low,12,1,20,1,316
Door/Lock,Normal,9,3,11,1,189
Other,Low,0,1,13,4,94
Internet,Normal,2,1,9,6,108
Plumbing,Normal,10,3,15,6,235
Internet,Low,0,2,14,0,69
Other,Normal,2,3,11,4,44
Internet,Normal,10,1,11,5,223
Air Conditioner,Normal,4,1,20,0,147
Other,High,2,1,16,4,74
Door/Lock,Low,2,2,9,3,74
Plumbing,Low,4,2,9,1,144
Other,Normal,10,2,8,5,238
Internet,Normal,5,1,11,6,156
Door/Lock,Normal,12,2,17,4,240
Other,High,9,4,8,1,153
Air Conditioner,Normal,3,1,11,3,112
Door/Lock,Normal,2,4,8,3,53
Plumbing,High,12,2,16,6,271
Other,High,11,3,18,5,230
Other,Normal,1,3,14,4,58
Door/Lock,Low,4,3,19,5,148
Door/Lock,Normal,9,4,16,4,139
Door/Lock,Normal,12,4,17,2,230
Plumbing,Normal,11,1,12,0,271
Plumbing,Normal,3,2,19,5,123
Air Conditioner,Normal,11,3,16,3,236
Other,Normal,9,3,9,6,185
Internet,Normal,6,4,9,4,101
Internet,Normal,4,3,19,3,99
Plumbing,Low,10,2,11,4,231
Internet,High,10,4,14,4,160
Electricity,Low,11,3,17,6,306
Other,Low,6,4,17,2,158
Other,Low,3,3,8,2,107
Electricity,Normal,11,1,16,2,259
Door/Lock,Normal,3,4,19,0,56
Air Conditioner,Normal,9,3,12,3,191
Air Conditioner,Normal,6,1,15,3,180
Internet,Normal,7,2,11,1,149
Internet,Low,2,2,17,5,138
Air Conditioner,High,3,2,9,4,105
Air Conditioner,High,8,3,14,1,146
Electricity,Normal,3,3,13,1,74
Air Conditioner,Normal,8,1,16,4,205
Electricity,Normal,12,3,14,0,234
Electricity,Low,1,2,20,1,90
Other,Normal,12,1,20,3,271
Plumbing,High,2,4,11,6,53
Air Conditioner,Low,1,2,8,0,96
Air Conditioner,Low,10,1,14,3,279
Air Conditioner,Normal,2,3,15,3,75
Door/Lock,Normal,8,4,17,1,172
Electricity,Normal,1,1,14,3,59
Air Conditioner,Low,1,1,15,4,92
Other,Normal,2,4,8,0,39
Door/Lock,Normal,6,3,17,6,161
Air Conditioner,High,3,2,12,1,95
Plumbing,Normal,2,2,12,2,95
Other,Low,10,3,13,0,227
Internet,Normal,2,3,8,4,64
Other,Low,1,1,14,4,102
Air Conditioner,Normal,1,2,12,0,60
Door/Lock,Normal,11,4,11,2,192
Air Conditioner,Normal,6,1,11,5,224
Plumbing,Low,12,4,8,4,268
Door/Lock,Normal,10,2,19,2,225
Internet,Low,3,1,11,4,133
Air Conditioner,Normal,10,3,19,5,241
Air Conditioner,Low,5,3,18,2,164
Door/Lock,High,7,2,13,1,115
Air Conditioner,Normal,6,4,18,0,158
Plumbing,Low,9,1,10,6,256
Air Conditioner,Low,2,1,10,2,125
Air Conditioner,Low,0,3,19,5,98
Other,Normal,9,3,16,2,161
Air Conditioner,Normal,12,3,16,4,266
Electricity,Normal,7,4,20,2,135
Internet,High,1,4,8,4,10
Air Conditioner,Normal,1,3,10,6,61
Internet,Low,7,3,20,5,197
Plumbing,Low,11,4,9,1,242
Other,Low,7,4,13,3,173
Door/Lock,Low,3,1,8,1,93
Door/Lock,Normal,8,3,12,1,146
Plumbing,Low,2,4,10,5,77
Door/Lock,Low,6,1,11,6,179
Internet,Low,12,4,18,6,287
Plumbing,Normal,8,3,11,5,202
Air Conditioner,Low,1,1,18,3,99
Air Conditioner,High,2,3,19,3,80
Plumbing,Normal,0,2,15,3,29
Plumbing,Normal,5,2,15,5,136
Other,Normal,3,3,12,0,74
Other,Normal,12,3,16,5,263
Air Conditioner,Normal,4,4,18,5,136
Other,Normal,0,2,19,6,56
Internet,Normal,5,1,10,4,132
Electricity,Normal,9,4,16,3,165
Other,Low,8,2,9,3,207
Internet,Normal,12,4,14,4,236
Internet,Normal,4,4,9,2,91
Air Conditioner,Normal,6,1,15,5,191
Plumbing,High,7,2,19,3,178
Other,Normal,0,1,18,1,49
Air Conditioner,High,0,3,17,5,78
Air Conditioner,Normal,10,4,15,2,195
Plumbing,Normal,5,3,16,0,95
Electricity,Normal,8,2,9,3,196
Plumbing,Low,12,4,17,3,267
Other,Low,3,1,16,2,123
Plumbing,Normal,10,1,9,0,221
Other,Low,2,2,16,3,120
Internet,Normal,9,4,13,5,211
Electricity,Normal,2,4,14,5,87
Air Conditioner,Normal,3,3,18,1,112
Plumbing,Low,6,4,12,3,162
Other,Low,6,4,19,6,177
Door/Lock,High,0,3,13,2,10
Electricity,High,10,1,14,3,203
Other,Normal,0,4,8,4,26
Door/Lock,Low,11,3,9,3,226
Air Conditioner,Normal,2,1,11,5,115
Internet,Normal,9,4,20,2,181
Door/Lock,Normal,9,2,11,3,185
Door/Lock,Normal,5,4,13,3,82
Air Conditioner,Normal,6,2,19,5,203
Plumbing,Normal,0,1,12,2,47
Plumbing,High,11,2,18,1,246
Plumbing,Normal,1,2,9,2,77
Air Conditioner,Normal,8,4,9,1,172
Internet,Normal,0,1,8,1,70
Electricity,Normal,9,4,9,5,208
Air Conditioner,High,4,1,15,2,141
Internet,Normal,6,4,9,1,114
Air Conditioner,High,0,3,15,5,19
Plumbing,Normal,2,2,15,5,89
Door/Lock,Normal,5,4,11,1,80
Other,Normal,9,2,8,2,182
Plumbing,Low,7,3,10,5,174
Other,High,3,1,9,1,89
Other,Low,7,1,14,6,192
Internet,Normal,2,2,20,4,96
Other,Normal,7,1,13,4,195
Plumbing,Normal,7,1,16,3,170
Air Conditioner,High,2,2,11,0,72
Other,High,2,3,9,5,50
Electricity,Normal,6,1,10,3,166
Plumbing,Normal,7,4,14,1,129
Air Conditioner,Normal,12,4,19,5,279
Air Conditioner,High,6,4,11,2,128
Air Conditioner,Low,5,1,20,2,195
Air Conditioner,High,6,4,16,4,95
Other,High,11,1,12,1,236
Plumbing,Normal,3,1,16,0,91
Door/Lock,Normal,4,3,17,2,100
Air Conditioner,Normal,4,4,16,4,106
Plumbing,Normal,8,1,19,2,216
Other,Normal,9,2,16,4,223
Air Conditioner,Low,6,2,8,0,193
Plumbing,Normal,3,3,12,1,81
Door/Lock,Normal,8,3,19,1,178
Air Conditioner,High,3,3,10,0,76
Air Conditioner,High,11,1,14,4,242
Other,Low,8,4,14,1,179
Plumbing,Low,5,3,15,3,139
Internet,Normal,3,3,19,6,114
Air Conditioner,Low,9,2,15,1,232
Plumbing,Normal,7,1,8,1,156
Electricity,Normal,11,3,11,6,256
Internet,Normal,9,2,16,2,186
Plumbing,Normal,10,1,18,2,253
Other,High,1,3,16,5,28
Door/Lock,Normal,0,2,17,0,30
Electricity,High,8,4,11,2,124
Electricity,High,0,3,9,1,15
Internet,Normal,11,2,20,6,281
Door/Lock,Low,11,1,15,2,256
Air Conditioner,High,7,2,17,3,169
Other,Normal,9,1,20,3,203
Electricity,Normal,5,1,10,3,148
Other,Normal,12,2,19,0,257
Other,Normal,0,3,12,1,10
Air Conditioner,Low,3,1,16,5,162
Plumbing,Low,9,1,13,3,236
Electricity,High,10,1,10,6,210
Electricity,Normal,3,4,19,3,67
Door/Lock,High,10,4,12,2,161
Air Conditioner,High,5,2,8,2,113
Internet,Normal,11,2,9,5,255
Other,Normal,3,2,20,1,105
Other,Normal,8,3,18,4,194
Air Conditioner,Normal,2,3,16,6,85
Other,High,1,2,18,5,70
Air Conditioner,High,9,3,16,2,189
Electricity,Low,8,1,19,1,227
Plumbing,High,3,3,9,4,77
Internet,Low,7,4,8,4,138
Air Conditioner,High,12,1,17,5,287
Plumbing,Normal,4,3,20,0,99
Plumbing,Low,6,3,15,3,153
Other,High,2,4,20,0,39
Internet,Normal,6,4,13,6,145
Internet,Low,11,1,16,6,284
Internet,Normal,8,1,14,5,200
Plumbing,Normal,1,1,19,2,70
Air Conditioner,Normal,9,3,16,5,206
Air Conditioner,Normal,5,3,13,3,133
Electricity,Low,0,3,11,4,60
Other,Normal,8,2,12,1,170
Plumbing,Normal,3,1,8,3,122
Internet,Normal,12,1,10,6,268
Door/Lock,Normal,12,2,14,1,232
Other,High,8,2,8,2,151
Plumbing,High,8,2,14,2,183
Other,Normal,3,1,8,1,99
Internet,Normal,0,2,10,2,10
Electricity,High,0,4,16,4,10
Door/Lock,High,6,1,8,0,143
Plumbing,Low,4,4,12,1,111
Door/Lock,Normal,12,1,10,5,258
Internet,Low,3,3,8,1,108
Door/Lock,Low,2,1,10,2,118
Other,Normal,10,2,9,4,221
Internet,Normal,10,4,9,5,188
Air Conditioner,Normal,4,4,16,6,128
Plumbing,High,1,3,9,1,32
Other,Normal,1,3,20,5,64
Internet,Normal,6,3,14,5,162
Other,Low,11,4,13,0,235
Plumbing,Low,5,3,19,6,198
Electricity,Low,0,3,18,2,54
Other,High,4,1,13,2,100
Door/Lock,Low,0,4,20,5,49
Plumbing,Normal,5,3,14,3,122
Air Conditioner,Normal,6,2,17,1,195
Other,Normal,9,1,20,2,206
Door/Lock,High,0,3,17,5,11
Electricity,High,6,4,15,1,111
Electricity,Normal,2,4,16,3,48
Air Conditioner,High,6,4,16,5,149
Plumbing,Normal,12,4,20,6,261
Air Conditioner,High,9,3,17,5,220
Air Conditioner,Low,10,4,11,2,240
Other,Normal,0,1,8,1,46
Plumbing,Normal,9,2,18,6,220
Door/Lock,High,11,2,14,4,233
Electricity,High,8,3,13,2,151
Air Conditioner,Normal,10,2,20,6,253
Plumbing,High,0,2,10,5,45
Air Conditioner,Normal,9,4,8,3,194
Internet,Normal,10,3,17,1,229
Other,Low,2,3,20,0,109
Door/Lock,Normal,6,1,18,3,156
Door/Lock,Low,5,3,19,0,121
Other,Normal,1,2,19,2,73
Door/Lock,Low,1,3,16,4,32
Internet,Normal,3,4,19,0,94
Internet,Low,1,2,12,6,85
Plumbing,Normal,6,4,17,3,151
Air Conditioner,Normal,0,3,9,6,51
Internet,Normal,0,2,14,1,25
Internet,Normal,8,4,11,3,141
Plumbing,High,3,1,20,6,134
Other,High,4,3,13,4,64
Air Conditioner,Normal,4,2,10,5,152
Door/Lock,High,6,3,15,4,90
Other,Normal,6,1,9,5,168
Plumbing,High,1,3,9,2,27
Other,Low,0,1,13,3,70
Door/Lock,Low,5,2,16,0,125
Door/Lock,Low,7,4,15,1,156
Other,High,9,3,8,0,158
Internet,Low,2,2,16,2,99
Electricity,Low,1,2,8,5,99
Internet,Normal,7,1,18,1,194
Plumbing,High,11,1,8,3,226
Plumbing,Normal,3,3,8,3,74
Air Conditioner,Normal,1,2,14,1,74
Plumbing,Low,5,1,18,5,200
Door/Lock,High,7,2,17,5,183
Other,Low,8,2,15,1,201
Other,Normal,1,4,10,0,10
Air Conditioner,Normal,8,1,20,0,218
Internet,Normal,4,2,8,2,91
Internet,Normal,0,1,12,0,56
Air Conditioner,Normal,11,1,17,0,288
Internet,Low,6,3,16,3,151
Plumbing,Low,3,1,18,3,153
Other,Low,10,3,17,0,241
Plumbing,Low,10,4,20,4,250
Other,High,2,2,14,2,53
Other,Normal,12,1,18,1,285
Door/Lock,Low,6,4,10,0,128
Air Conditioner,Low,3,4,10,5,118
Plumbing,High,5,4,8,0,95
Other,High,2,4,10,1,42
Air Conditioner,High,11,4,9,4,218
Air Conditioner,Low,3,3,18,4,155
Other,Normal,5,4,14,6,119
Door/Lock,Low,0,2,13,0,34
Door/Lock,Normal,12,4,16,1,202
Air Conditioner,Normal,3,1,12,4,134
Electricity,Normal,8,4,15,1,134
Other,Low,4,2,8,2,146
Plumbing,Normal,7,2,17,2,176
Air Conditioner,Normal,7,3,19,5,226
Air Conditioner,High,3,1,8,5,116
Internet,Low,5,4,9,5,151
Plumbing,Normal,7,3,9,3,184
Other,Low,2,1,15,3,100
Plumbing,Normal,1,4,17,3,49
Air Conditioner,Normal,2,1,18,0,109
Other,Normal,5,4,18,3,103
Other,Normal,2,4,15,1,39
Internet,Normal,3,3,17,6,104
Other,Normal,8,3,11,1,148
Air Conditioner,Normal,8,4,17,0,186
Electricity,Low,12,4,10,6,278
Air Conditioner,Low,9,3,20,1,233
Electricity,Normal,5,1,8,3,136
Door/Lock,Normal,12,3,20,2,260
Other,Low,11,1,13,1,249
Air Conditioner,Normal,2,1,16,3,122
Plumbing,Low,2,1,10,5,126
Other,High,11,2,12,0,211
Internet,Normal,11,4,19,4,238
Plumbing,Normal,10,1,8,6,272
Plumbing,High,5,1,10,2,129
Plumbing,Normal,11,1,16,4,243
Electricity,Normal,9,1,18,6,239
Electricity,Normal,9,3,13,6,199
Electricity,Normal,7,4,9,4,161
Electricity,Low,3,1,9,6,142
Electricity,Normal,9,4,19,5,216
Air Conditioner,Low,11,4,10,3,237
Air Conditioner,Normal,11,1,15,0,247
Plumbing,Normal,7,2,20,5,205
Other,Low,0,4,12,2,28
Door/Lock,Normal,9,3,8,5,188
Air Conditioner,High,3,1,18,4,97
Electricity,Normal,2,1,18,2,101
Internet,Low,1,2,16,5,113
Electricity,Normal,2,4,19,4,56
Internet,High,6,4,18,5,144
Other,Normal,3,2,16,6,63
Air Conditioner,Normal,4,3,12,1,101
Electricity,High,6,3,8,5,109
Electricity,Normal,6,2,17,0,177
Internet,High,5,3,18,4,118
Air Conditioner,Normal,5,2,17,1,147
Internet,High,11,3,16,1,200
Air Conditioner,Normal,3,3,17,1,125
Door/Lock,Normal,0,3,11,5,45
Internet,Low,10,4,9,2,207
Plumbing,Low,1,3,16,2,45
Other,Normal,10,3,20,2,206
Door/Lock,High,4,4,9,4,58
Electricity,Normal,10,3,8,6,249
Other,Normal,2,2,17,4,84
Other,Normal,2,3,13,0,48
Air Conditioner,High,5,4,19,3,144
Internet,Normal,5,4,14,0,102
Internet,Normal,9,2,14,1,178
Internet,Normal,8,2,8,1,174
Other,Normal,12,2,20,4,277
Electricity,Low,8,1,12,6,236
Air Conditioner,Normal,2,2,13,1,97
Electricity,Normal,1,1,16,6,67
Door/Lock,Low,3,2,19,1,101
Plumbing,Low,12,1,18,2,303
Air Conditioner,High,9,2,18,0,208
Plumbing,Normal,9,3,9,0,195
Internet,High,3,4,9,4,49
Air Conditioner,Low,6,4,18,2,208
Plumbing,High,9,3,19,0,180
Air Conditioner,Normal,12,3,16,3,251
Electricity,High,7,4,19,2,127
Air Conditioner,Normal,0,3,12,2,52
Air Conditioner,Normal,11,1,12,6,295
Internet,Normal,12,4,10,2,218
Air Conditioner,Normal,0,3,18,3,82
Air Conditioner,Normal,5,3,16,4,120
Internet,Low,12,1,10,6,316
Air Conditioner,Low,12,2,20,5,347
Air Conditioner,High,12,2,8,3,231
Electricity,Low,12,4,18,2,278
Plumbing,Normal,0,2,10,1,10
Electricity,Low,1,2,18,0,107
Other,Normal,6,3,14,5,134
Electricity,Normal,7,1,11,5,201
Internet,Normal,5,3,8,2,118
Other,High,3,1,16,6,110
Electricity,High,3,1,10,6,113
Door/Lock,Normal,7,2,13,4,148
Electricity,Normal,12,1,20,1,277
Internet,High,10,1,19,3,220
Other,Low,2,2,14,5,99
Air Conditioner,Low,1,3,17,3,97
Other,Normal,3,1,18,3,112
Electricity,Normal,9,2,15,3,189
Internet,Normal,0,3,10,5,18
Electricity,Low,9,4,18,2,202
Plumbing,High,7,3,9,1,97
Air Conditioner,High,8,3,14,3,159
Other,Normal,11,4,18,4,227
Internet,Normal,7,1,15,6,157
Other,High,8,4,12,0,134
Plumbing,Normal,6,2,13,6,168
Plumbing,Normal,8,2,13,5,191
Plumbing,Normal,4,3,17,4,114
Plumbing,Normal,0,4,20,1,48
Electricity,High,0,4,18,1,10
Other,Normal,9,4,12,2,170
Other,Normal,8,2,9,1,179
Electricity,Normal,5,1,14,4,128
Plumbing,High,9,1,19,5,245
Internet,Normal,6,4,16,3,120
Internet,Normal,3,1,12,4,94
Internet,Low,7,2,9,5,230
Electricity,Normal,4,2,11,6,140
Air Conditioner,High,12,3,17,4,233
Air Conditioner,High,9,2,16,1,188
Other,High,9,3,13,0,191
Door/Lock,Normal,8,3,12,6,161
Other,Normal,8,4,10,5,172
Plumbing,Normal,10,1,20,5,286
Electricity,Normal,5,4,13,2,110
Plumbing,Normal,10,3,17,1,237
Other,Normal,0,4,13,4,16
Plumbing,Normal,8,2,15,4,185
Internet,Normal,7,2,16,1,147
Air Conditioner,Normal,0,3,12,3,44
Air Conditioner,Normal,8,4,20,2,184
Air Conditioner,Normal,0,1,13,1,57
Electricity,Normal,9,3,17,5,242
Other,Low,6,1,19,3,189
Other,High,7,4,12,6,153
Internet,Low,7,2,11,0,185
Electricity,High,3,4,20,6,82
Door/Lock,Normal,8,1,18,4,173
Air Conditioner,High,2,1,18,4,122
Door/Lock,Normal,9,4,20,2,177
Door/Lock,High,1,2,8,0,10
Electricity,High,1,1,20,1,76
Air Conditioner,Normal,9,4,9,3,188
Air Conditioner,Low,0,2,9,2,65
Plumbing,Normal,12,4,10,1,244
Other,Normal,0,2,9,0,10
Internet,High,6,4,9,4,86
Electricity,High,12,3,9,4,216
Electricity,Normal,8,2,14,1,190
Door/Lock,Normal,8,2,12,5,212
Plumbing,Normal,9,2,12,6,220
Air Conditioner,Normal,9,3,10,6,227
Internet,Normal,2,3,20,1,106
Plumbing,Normal,4,1,12,2,125
Plumbing,High,2,2,14,0,63
Electricity,Normal,2,2,9,0,57
Plumbing,Normal,2,4,10,5,97
Other,Normal,8,2,11,6,186
Other,Normal,12,3,20,1,256
Other,Normal,7,1,10,3,172
Other,Low,0,2,14,0,57
Plumbing,Normal,8,2,15,5,200
Plumbing,High,7,2,8,3,150
Internet,Low,10,4,12,2,233
Air Conditioner,Low,4,4,9,6,171
Other,Normal,5,2,10,0,119
Air Conditioner,Normal,8,3,16,1,178
Electricity,Normal,9,4,15,5,184
Internet,Normal,2,1,14,2,111
Other,Normal,7,2,10,4,159
Internet,High,12,3,16,1,228
Internet,Normal,0,1,19,4,69
Plumbing,Normal,4,2,19,3,158
Internet,Normal,6,1,10,0,148
Door/Lock,Normal,12,2,16,2,224
Electricity,Normal,12,1,11,2,286
Door/Lock,Normal,7,3,19,4,164
Air Conditioner,High,7,4,14,3,138
Plumbing,Low,5,2,17,3,192
Other,Normal,5,1,15,1,139
Plumbing,Normal,9,2,16,6,242
Internet,Low,7,1,20,5,235
Electricity,High,7,2,9,4,153
Other,Normal,10,3,19,1,223
Air Conditioner,High,1,2,14,4,45
Plumbing,Normal,12,3,9,1,243
Other,Low,9,3,13,3,201
Internet,Normal,7,1,8,1,172
Electricity,Low,7,3,15,2,170
Plumbing,Normal,7,3,14,4,160
Plumbing,High,7,1,13,2,164
Other,Normal,4,2,13,5,125
Internet,Normal,9,2,16,3,196
Other,Normal,3,2,18,6,116
Other,Normal,8,4,13,1,148
Electricity,Normal,6,3,8,6,132
Internet,Normal,4,4,15,0,78
Internet,Normal,10,3,20,3,205
Other,Normal,4,1,13,2,116
Internet,Normal,8,3,9,5,174
Air Conditioner,Normal,3,1,19,0,110
Other,Normal,2,2,13,1,94
Internet,Normal,7,4,12,1,130
Other,Normal,12,4,11,6,260
Electricity,High,3,1,17,3,94
Electricity,High,1,4,9,1,30
Internet,High,1,4,15,5,11
Door/Lock,Normal,6,4,12,1,107
Air Conditioner,Normal,10,4,13,1,194
Plumbing,High,9,1,10,3,226
Door/Lock,Low,2,1,18,5,129
Other,Low,10,3,13,5,254
Air Conditioner,Low,2,1,20,0,147
Plumbing,Normal,7,2,18,6,205
Electricity,Normal,11,4,17,6,254
Plumbing,Low,10,4,13,2,238
Air Conditioner,Normal,9,2,20,3,239
Electricity,Normal,4,3,15,2,98
Internet,High,9,3,13,3,167
Plumbing,Normal,5,2,12,4,154
Plumbing,High,4,1,19,4,118
Other,Normal,6,2,11,3,117
Electricity,High,8,3,19,3,153
Door/Lock,Normal,2,4,10,3,21
Plumbing,High,12,4,17,2,220
Other,High,11,1,11,0,211
Door/Lock,Normal,3,3,18,2,81
Plumbing,Normal,3,3,18,5,124
Internet,Normal,0,1,17,6,84
Internet,Normal,5,4,20,5,126
Electricity,Low,2,3,14,6,117
Door/Lock,Low,12,3,18,5,294
Plumbing,Normal,11,3,15,3,246
Electricity,Low,10,2,8,4,251
Other,High,3,1,13,5,93
Air Conditioner,Normal,8,2,8,1,211
Air Conditioner,High,6,4,16,1,118
Air Conditioner,Normal,3,3,9,1,103
Other,Normal,6,3,12,3,136
Air Conditioner,Normal,2,1,19,5,136
Air Conditioner,High,12,1,17,3,278
Internet,Low,2,3,12,6,98
Door/Lock,Normal,3,4,14,2,41
Electricity,Normal,2,2,15,3,46
Other,Normal,6,2,12,6,151
Air Conditioner,Low,8,4,17,1,216
Internet,Normal,12,1,9,5,292
Internet,Low,5,3,13,1,144
Plumbing,High,2,1,11,6,86
Other,Low,0,2,16,2,48
Electricity,Normal,7,2,16,4,160
Plumbing,Low,12,3,18,4,276
Air Conditioner,High,0,2,12,2,10
Air Conditioner,Normal,12,2,10,3,248
Other,Normal,3,2,8,5,121
Plumbing,Normal,11,1,19,6,311
Other,High,0,4,12,0,10
Air Conditioner,Low,11,3,17,3,279
Other,Normal,4,3,12,5,94
Other,High,3,3,12,3,51
Air Conditioner,Low,2,1,11,0,131
Air Conditioner,Low,1,3,18,0,110
Door/Lock,Normal,10,3,11,5,217
Air Conditioner,Low,0,2,11,2,91
Plumbing,Normal,6,3,17,4,178
Door/Lock,Normal,12,2,14,6,252
Other,Low,5,3,17,0,186
Door/Lock,Normal,10,2,9,3,177
Other,Normal,9,4,20,1,178
Electricity,Normal,10,1,11,5,250
Door/Lock,Normal,12,2,9,3,244
Plumbing,Normal,1,3,9,6,65
Door/Lock,Normal,3,1,12,2,81
Internet,High,4,3,13,1,97
Internet,Normal,0,1,9,6,56
Other,Normal,1,3,16,4,25
Electricity,High,1,2,15,1,54
Internet,Normal,12,1,18,4,287
Electricity,Normal,11,2,8,2,247
Plumbing,Low,7,2,9,0,194
Plumbing,Normal,10,1,10,1,216
Other,Normal,4,3,13,5,112
Plumbing,Normal,6,3,15,0,119
Internet,Normal,11,3,10,2,220
Internet,Low,1,4,12,1,58
Other,Normal,1,3,14,5,70
Door/Lock,Normal,6,4,15,6,124
Air Conditioner,High,3,3,14,5,102
Plumbing,Normal,8,3,16,5,182
Internet,Normal,8,4,17,0,181
Air Conditioner,Normal,4,3,18,6,157
Electricity,Normal,1,3,20,1,50
Plumbing,Normal,1,3,13,2,53
Air Conditioner,Normal,5,4,12,5,150
Other,Low,4,2,11,1,129
Other,Low,0,1,12,1,58
Door/Lock,Normal,8,2,15,0,167
Air Conditioner,Normal,12,1,15,2,286
Other,Normal,12,2,8,3,237
Internet,Normal,1,4,20,3,31
Other,High,2,1,8,0,65
Air Conditioner,Normal,5,4,13,1,127
Air Conditioner,Normal,11,3,13,0,263
Internet,Normal,7,2,12,1,165
Other,High,5,2,10,4,86
Air Conditioner,Normal,12,4,14,0,267
Plumbing,Normal,8,1,8,1,210
Internet,Normal,12,3,17,3,229
Other,Normal,11,2,16,3,217
Door/Lock,Normal,12,3,18,6,257
Other,Normal,7,4,18,4,161
Internet,Normal,4,4,19,6,88
Other,Normal,0,2,9,5,50
Electricity,Low,9,3,18,3,238
Air Conditioner,High,3,2,15,2,51
Internet,Normal,0,3,9,0,28
Internet,Low,10,1,20,4,276
Electricity,Normal,5,4,18,6,130
Plumbing,Normal,7,1,11,2,165
Door/Lock,Normal,10,1,19,2,221
Door/Lock,Normal,4,4,17,0,55
Plumbing,Low,10,2,13,4,242
Other,Low,7,1,10,2,197
Plumbing,Normal,7,3,17,0,158
Air Conditioner,Normal,3,2,20,0,135
Air Conditioner,Normal,10,4,10,2,208
Electricity,Low,3,4,8,3,94
Air Conditioner,High,8,3,10,3,158
Internet,Normal,10,2,11,5,240
Door/Lock,Normal,1,2,12,3,54
Electricity,Normal,5,3,20,5,147
Other,Normal,8,4,20,2,178
Other,High,3,3,16,1,62
Electricity,Normal,0,1,10,3,53
Air Conditioner,Normal,5,1,10,0,173
Plumbing,Normal,6,3,9,5,148
Internet,Normal,11,2,18,1,242
Plumbing,Normal,10,2,10,6,232
Internet,Normal,2,2,19,6,114
Internet,Normal,3,3,15,3,70
Internet,Low,2,1,14,2,96
Air Conditioner,High,11,1,20,2,279
Plumbing,Normal,4,1,10,3,147
Plumbing,Normal,11,3,14,3,223
Door/Lock,Normal,0,3,11,0,10
Internet,Normal,7,4,10,1,155
Internet,Normal,0,1,20,5,87
Internet,Low,7,1,15,0,199
Electricity,Normal,0,1,10,3,49
Air Conditioner,Normal,2,3,9,6,85
Air Conditioner,High,1,3,12,0,32
Air Conditioner,Normal,9,1,18,6,271
Air Conditioner,High,8,2,9,3,170
Plumbing,Normal,7,1,17,2,202
Door/Lock,Normal,2,3,9,4,45
Air Conditioner,Normal,3,3,12,5,100
Air Conditioner,Low,4,1,14,3,179
Air Conditioner,Normal,12,1,9,0,286
Plumbing,Low,9,3,13,6,240
Air Conditioner,Normal,0,4,11,0,34
Air Conditioner,Normal,0,4,8,6,25
Plumbing,High,4,3,8,3,75
Other,Normal,2,3,9,3,37
Plumbing,Normal,5,4,17,5,146
Air Conditioner,Normal,12,4,8,6,267
Electricity,Low,2,4,14,1,75
Plumbing,Normal,7,2,8,5,201
Electricity,Normal,6,2,10,4,126
Plumbing,Normal,8,1,10,2,187
Other,Normal,7,1,12,2,174
Other,High,6,2,17,5,160
Internet,Low,3,4,13,0,70
Air Conditioner,High,12,2,8,3,261
Electricity,Low,3,3,9,5,142
Plumbing,High,1,4,11,3,20
Door/Lock,High,1,2,11,3,10
Air Conditioner,High,0,2,15,3,33
Internet,Low,4,3,12,3,120
Plumbing,Normal,10,2,17,5,256
Electricity,High,2,2,11,5,88
Plumbing,Normal,0,4,16,6,36
Plumbing,Normal,6,2,9,0,174
Internet,Normal,7,2,20,2,184
Internet,Low,7,4,20,6,199
Plumbing,Normal,0,3,11,4,40
Air Conditioner,Low,2,4,11,2,106
Other,Normal,4,2,8,4,114
Electricity,Normal,9,4,20,3,191
Internet,Low,8,4,8,6,188
Electricity,Low,10,1,8,3,240
Internet,High,7,1,9,3,120
Internet,Normal,5,3,11,4,111
Air Conditioner,Normal,7,3,20,1,178
Electricity,Normal,5,1,10,5,154
Electricity,Normal,2,3,15,1,72
Air Conditioner,Normal,7,1,16,0,188
Door/Lock,Normal,3,4,18,0,92
Plumbing,Normal,3,3,17,0,94
Air Conditioner,Normal,9,4,20,0,195
Door/Lock,Low,0,1,16,0,43
Other,High,0,4,18,2,14
Plumbing,Normal,4,2,12,6,147
Internet,Normal,7,1,13,0,162
Air Conditioner,Normal,10,2,17,4,236
Internet,Low,6,2,19,6,220
Electricity,Normal,3,3,8,5,81
Door/Lock,High,4,4,13,2,61
Plumbing,Normal,4,2,18,0,124
Plumbing,Normal,4,3,9,2,106
Other,Normal,8,1,12,4,200
Air Conditioner,Normal,10,4,15,5,233
Air Conditioner,Low,9,2,9,0,234
Plumbing,Normal,4,4,19,2,124
Internet,Normal,3,2,12,4,88
Air Conditioner,Low,1,2,18,5,176
Internet,Low,10,4,13,2,192
Plumbing,Low,12,1,13,5,293
Internet,Normal,0,3,20,5,69
Other,Low,1,2,19,2,92
Electricity,Normal,2,2,14,3,82
Electricity,Normal,10,3,14,3,191
Electricity,Normal,2,4,18,4,67
Air Conditioner,Low,0,2,16,2,81
Door/Lock,Normal,4,3,20,2,92
Other,High,4,1,12,2,98
Door/Lock,Normal,5,1,9,1,107
Other,Normal,6,3,10,4,132
Electricity,Normal,3,3,14,6,115
Internet,Normal,0,1,12,2,28
Air Conditioner,Normal,1,4,18,6,67
Other,Normal,9,2,19,3,225
Internet,Normal,8,2,10,1,159
Plumbing,High,3,2,20,3,103
Door/Lock,High,12,2,16,3,218
Internet,Normal,7,3,11,0,140
Other,Normal,10,1,10,3,241
Door/Lock,High,10,1,10,1,204
Other,Normal,3,4,14,5,84
Electricity,High,7,3,8,3,104
Electricity,Normal,7,2,9,2,171
Door/Lock,Normal,5,4,17,0,92
Air Conditioner,Normal,8,4,14,3,168
Air Conditioner,Low,4,3,14,4,136
Other,High,1,3,12,2,40
Other,Normal,0,4,15,6,24
Other,Normal,5,4,12,1,80
Air Conditioner,Normal,11,2,8,5,287
Plumbing,High,2,3,15,3,54
Other,Normal,7,1,9,2,178
Air Conditioner,Low,2,3,16,2,118
Electricity,Normal,8,1,19,3,231
Plumbing,Normal,2,1,16,0,78
Other,High,5,3,15,4,72
Electricity,Normal,10,2,20,2,244
Plumbing,Normal,4,1,10,4,122
Electricity,High,12,4,18,3,224
Air Conditioner,Normal,0,4,10,6,34
Door/Lock,Low,1,1,8,0,83
Internet,High,2,3,11,3,40
Internet,Normal,3,2,14,3,83
Electricity,High,5,4,8,1,65
Plumbing,Normal,11,3,11,4,242
Air Conditioner,Normal,3,2,8,2,108
Other,Normal,4,4,11,5,112
Plumbing,Normal,0,3,17,6,42
Electricity,Low,9,1,9,5,256
Plumbing,Normal,7,2,11,4,158
Other,Normal,0,4,9,5,27
Door/Lock,Normal,6,3,12,6,148
Air Conditioner,Normal,2,1,17,6,141
Internet,Normal,5,4,14,5,117
Electricity,Normal,3,2,10,6,110
Door/Lock,Normal,10,1,12,6,214
Other,Normal,0,4,16,1,10
Door/Lock,Normal,7,4,14,3,136
Other,Normal,10,3,13,2,193
Electricity,Low,0,3,19,6,101
Plumbing,Normal,11,1,18,5,299
Internet,High,9,3,11,6,192
Door/Lock,Normal,3,4,17,2,73
Plumbing,High,6,1,18,5,174
Electricity,Low,8,4,19,0,197
Air Conditioner,Normal,6,1,11,6,199
Air Conditioner,Normal,9,2,17,1,205
Other,Normal,11,1,10,3,256
Air Conditioner,Normal,4,2,13,5,137
Door/Lock,Low,1,3,8,5,71
Plumbing,Normal,5,4,15,1,106
Internet,Normal,7,1,16,3,169
Other,Normal,10,4,13,3,171
Door/Lock,Low,3,4,13,5,98
Door/Lock,Low,12,1,11,2,281
Plumbing,High,0,4,18,5,10
Plumbing,Normal,7,4,19,4,145
Door/Lock,Normal,5,1,9,5,154
Door/Lock,Low,9,1,11,6,249
Door/Lock,Normal,3,3,15,2,67
Door/Lock,Normal,12,2,12,3,229
Plumbing,High,0,2,8,5,50
Plumbing,Normal,10,2,8,5,227
Other,Normal,6,2,11,6,157
Electricity,Low,6,4,20,3,147
Door/Lock,Normal,4,1,15,4,103
Internet,Normal,5,1,11,0,121
Other,High,5,4,8,3,86
Other,Low,4,4,17,1,127
Plumbing,Normal,0,4,12,5,30
Other,Normal,5,4,13,0,110
Plumbing,Normal,5,1,15,5,152
Electricity,Normal,9,4,10,5,194
Other,Normal,6,2,17,3,150
Plumbing,Normal,7,2,12,4,176
Plumbing,Normal,6,2,17,4,175
Internet,Normal,5,4,14,4,113
Other,Normal,9,3,9,4,182
Air Conditioner,Low,8,1,16,1,196
Internet,Normal,12,1,8,4,254
Electricity,High,6,3,17,6,169
Plumbing,Normal,0,4,12,2,13
Door/Lock,Normal,7,3,16,2,112
Electricity,High,5,4,11,2,87
Door/Lock,Normal,1,1,13,6,77
Door/Lock,Normal,11,2,11,6,230
Other,Low,8,3,11,2,185
Door/Lock,High,8,4,12,6,131
Air Conditioner,Low,8,2,8,5,246
Door/Lock,Normal,12,3,13,2,226
Internet,High,8,1,9,5,173
Air Conditioner,Normal,9,3,14,6,221
Internet,Normal,9,4,9,6,180
Door/Lock,Low,9,4,8,3,202
Air Conditioner,Low,9,2,13,1,249
Electricity,Normal,0,2,11,1,35
Electricity,Normal,5,4,19,5,141
Plumbing,Normal,3,3,11,5,115
Other,High,11,2,13,4,207
Air Conditioner,Normal,7,2,11,0,186
Door/Lock,High,6,3,19,6,153
Door/Lock,Normal,6,3,18,0,129
Electricity,Normal,8,3,10,4,188
Electricity,Normal,9,1,11,6,246
Air Conditioner,Normal,2,1,10,1,102
Air Conditioner,Low,12,1,9,3,299
Electricity,High,9,1,11,5,213
Plumbing,Normal,2,2,19,1,92
Door/Lock,Normal,7,2,13,0,137
Internet,Normal,5,2,12,3,127
Air Conditioner,Normal,4,4,10,5,107
Plumbing,Normal,11,1,10,4,247
Other,Normal,3,4,15,3,57
Plumbing,High,10,1,17,4,215
Internet,Normal,8,3,15,0,171
Air Conditioner,Normal,10,4,16,2,204
Other,Normal,9,4,11,6,205
Electricity,High,8,3,20,2,163
Electricity,High,2,1,18,6,97
Internet,Normal,12,2,19,3,254
Plumbing,Normal,8,2,16,6,205
Internet,Normal,4,4,17,4,98
Air Conditioner,High,3,2,8,2,94
Air Conditioner,High,1,4,10,6,46
Air Conditioner,Normal,4,4,9,1,124
Internet,Normal,1,1,14,2,66
Other,Normal,11,4,15,5,213
Air Conditioner,Low,5,3,9,6,161
Other,Normal,8,3,17,1,187
Door/Lock,Low,10,2,15,6,234
Air Conditioner,Normal,12,2,15,3,274
Air Conditioner,Normal,5,3,19,2,158
Plumbing,Normal,0,1,15,0,64
Air Conditioner,Normal,7,3,8,0,155
Door/Lock,Low,12,3,17,3,279
Electricity,Normal,4,1,19,4,142
Plumbing,Low,1,1,9,0,89
Internet,Low,9,3,15,6,224
Plumbing,High,8,3,14,3,159
Other,Low,1,2,9,0,66
Internet,Normal,0,4,11,5,31
Plumbing,Normal,6,3,19,1,172
Electricity,Normal,1,3,13,4,54
Plumbing,Normal,2,1,14,4,90
Other,Normal,4,3,18,5,132
Electricity,Normal,6,4,13,5,134
Other,Normal,10,1,19,6,255
Other,High,5,3,14,0,71
Electricity,Low,10,1,20,2,274
Internet,Normal,7,1,9,2,177
Internet,Normal,5,1,19,2,150
Air Conditioner,Low,6,4,9,1,149
Other,High,1,4,18,1,24
Electricity,Normal,12,1,16,6,300
Other,Low,3,3,15,6,129
Internet,Normal,11,3,19,4,235
Air Conditioner,Normal,8,3,16,3,208
Plumbing,Normal,3,3,17,3,133
Air Conditioner,Normal,6,4,17,4,147
Air Conditioner,High,1,1,18,6,96
Internet,Low,8,1,11,2,220
Air Conditioner,Normal,0,1,18,3,70
Other,High,8,4,15,6,161
Electricity,High,2,1,8,6,85
Electricity,Normal,1,1,19,1,88
Plumbing,Normal,2,3,18,1,76
Air Conditioner,High,1,2,19,1,58
Internet,Normal,11,3,18,0,211
Plumbing,Normal,12,2,12,4,275
Internet,Normal,12,1,12,3,270
Electricity,High,9,3,11,0,174
Air Conditioner,Normal,2,1,13,1,103
Electricity,Low,9,2,8,3,195
Plumbing,Normal,9,4,17,5,208
Plumbing,Normal,3,1,17,4,122
Door/Lock,Normal,10,1,20,3,218
Air Conditioner,Normal,12,4,15,1,223
Plumbing,Normal,4,2,20,2,119
Electricity,Normal,7,2,10,5,183
Electricity,High,11,3,14,5,223
Other,Normal,3,1,18,6,146
Other,Normal,12,1,18,3,302
Door/Lock,Normal,3,4,18,1,77
Electricity,Low,12,4,14,3,251
Electricity,Normal,3,4,8,6,108
Air Conditioner,Low,9,1,19,1,249
Door/Lock,Normal,6,3,12,5,112
Electricity,Normal,4,4,16,6,93
Plumbing,Low,5,4,9,5,162
Internet,Normal,2,2,20,4,87
Door/Lock,High,8,2,11,2,131
Electricity,Normal,12,1,20,5,293
Air Conditioner,High,7,1,17,1,172
Other,Low,3,2,12,5,115
Air Conditioner,Low,8,1,12,2,251
Other,Normal,5,4,20,3,113
Electricity,Normal,11,1,15,3,267
Other,High,3,3,17,0,60
Other,Normal,6,3,15,6,153
Plumbing,Normal,6,1,11,4,164
Door/Lock,Normal,11,2,9,4,230
Air Conditioner,Normal,1,4,8,0,48
Air Conditioner,Normal,8,1,13,5,239
Plumbing,Normal,10,1,16,6,260
Internet,High,4,1,11,5,102
Air Conditioner,Normal,6,1,10,1,180
Electricity,Normal,3,4,13,1,65
Other,Normal,5,1,11,2,124
Other,Normal,12,2,13,0,255
Plumbing,Normal,4,4,15,3,100
Electricity,Normal,2,4,11,3,42
Air Conditioner,Normal,7,1,8,3,185
Plumbing,Low,6,2,9,6,177
Other,High,10,1,13,4,181
Other,Normal,0,1,10,2,40
Plumbing,Normal,11,4,18,5,263
Air Conditioner,High,9,2,10,2,186
Plumbing,High,10,3,8,5,226
Electricity,High,5,1,16,6,136
Air Conditioner,Low,5,2,16,6,184
Air Conditioner,Normal,4,2,16,3,120
Electricity,Normal,10,3,10,3,216
Plumbing,Normal,0,4,16,2,10
Other,Normal,6,1,19,3,167
Door/Lock,Normal,3,3,15,6,76
Electricity,Normal,8,2,13,6,193
Electricity,High,12,4,14,4,208
Other,Normal,8,2,18,1,192
Air Conditioner,High,0,2,9,2,44
Other,High,5,3,17,1,107
Air Conditioner,Normal,0,2,11,1,58
Other,High,6,4,19,0,115
Air Conditioner,Low,2,1,9,5,161
Door/Lock,Low,9,2,14,5,224
Air Conditioner,High,6,1,13,1,147
Door/Lock,Normal,4,1,14,4,114
Internet,Normal,11,1,12,1,237
Air Conditioner,High,9,2,8,1,199
Door/Lock,Normal,8,1,19,1,223
Air Conditioner,Normal,4,4,14,0,87
Electricity,Low,3,3,15,5,141
Plumbing,Normal,7,4,14,0,137
Door/Lock,Low,10,4,14,2,218
Other,Low,10,4,15,3,220
Electricity,High,10,2,13,4,203
Door/Lock,Normal,0,4,9,1,10
Other,Normal,12,2,8,3,244
Internet,Low,3,4,15,5,97
Plumbing,Normal,0,1,10,2,53
Electricity,Normal,7,4,13,6,156
Plumbing,Normal,5,2,15,3,133
Electricity,Normal,1,3,15,5,45
Plumbing,Normal,2,2,10,0,77
Door/Lock,Low,2,1,16,5,129
Internet,Low,5,2,20,3,175
Internet,Normal,9,3,12,6,201
Air Conditioner,Low,8,1,9,4,263
Air Conditioner,Normal,0,1,14,5,76
Door/Lock,Low,2,4,16,1,57
Electricity,High,7,1,13,3,137
Other,Normal,10,3,15,5,214
Electricity,Normal,0,2,17,5,95
Air Conditioner,Normal,4,2,15,2,119
Internet,Normal,1,2,18,3,49
Internet,Normal,6,2,9,1,149
Air Conditioner,Normal,5,3,11,3,134
Internet,Normal,2,4,15,3,53
Air Conditioner,Normal,12,2,11,0,263
Plumbing,Low,9,1,20,6,266
Air Conditioner,High,7,1,16,4,167
Internet,Normal,9,3,13,1,188
Door/Lock,Low,4,4,18,6,131
Plumbing,High,12,1,20,4,272
Door/Lock,Low,5,3,8,4,118
Door/Lock,Low,5,1,15,6,173
Plumbing,Low,7,1,13,2,204
Air Conditioner,High,7,4,17,2,143
Plumbing,Normal,8,2,12,4,187
Air Conditioner,Normal,10,2,12,6,246
Other,Normal,3,1,17,5,142
Door/Lock,Normal,9,4,19,5,207
Air Conditioner,Normal,2,4,9,5,89
Electricity,Low,3,4,15,0,71
Plumbing,Normal,6,1,18,3,167
Air Conditioner,Normal,6,1,10,2,163
Plumbing,Normal,8,4,16,2,151
Air Conditioner,Low,1,3,20,5,113
Plumbing,Normal,10,2,18,2,250
Plumbing,Normal,7,1,10,5,207
Plumbing,Normal,7,4,20,6,176
Electricity,Normal,9,4,12,3,181
Electricity,Normal,9,1,14,1,214
Plumbing,Normal,5,2,11,4,131
Electricity,Low,6,2,17,6,221
Plumbing,Normal,3,2,9,2,87
Other,Low,7,2,17,1,201
Air Conditioner,Low,2,2,8,3,99
Internet,Low,8,2,18,6,226
Air Conditioner,Low,5,4,12,3,126
Plumbing,Normal,3,4,14,3,59
Electricity,Normal,6,1,10,3,157
Door/Lock,Normal,12,3,9,5,241
Other,Normal,7,3,8,2,142
Electricity,Normal,4,2,20,5,142
Plumbing,Normal,5,1,9,6,184
Door/Lock,High,7,4,8,5,109
Plumbing,High,1,2,14,6,44
Electricity,High,7,1,20,5,182
Other,High,0,4,9,5,10
Plumbing,High,11,4,11,0,201
Electricity,Normal,7,2,15,2,169
Air Conditioner,Normal,1,2,14,1,80
Air Conditioner,Normal,6,2,9,6,178
Other,Low,11,1,20,1,279
Air Conditioner,Normal,12,1,12,6,319
Plumbing,High,1,2,16,4,10
Electricity,Normal,3,2,13,0,91
Plumbing,Low,1,1,15,4,101
Air Conditioner,Normal,4,1,19,2,175
Air Conditioner,Low,11,4,12,2,230
Electricity,Normal,9,4,18,6,207
Electricity,Normal,3,2,11,5,94
Door/Lock,Normal,4,3,12,5,79
Plumbing,Normal,7,1,8,2,177
Other,Low,7,4,12,4,168
Plumbing,Normal,6,4,15,2,139
Plumbing,Low,5,1,16,4,162
Other,Normal,12,1,13,2,267
Other,Normal,6,2,12,4,137
Plumbing,Low,10,1,10,5,285
Plumbing,High,12,2,19,2,269
Other,Normal,4,3,12,0,89
Air Conditioner,Low,10,3,11,0,257
Plumbing,Normal,10,1,20,6,256
Electricity,Low,2,2,16,6,125
Door/Lock,Low,2,4,19,4,88
Internet,High,2,4,13,0,34
Electricity,Normal,8,3,13,4,154
Other,Normal,9,3,17,3,197
Air Conditioner,Normal,9,1,20,1,247
Door/Lock,High,5,4,18,2,90
Air Conditioner,High,9,2,14,5,214
Door/Lock,Low,0,3,15,6,71
Electricity,Low,8,2,12,6,209
Plumbing,Normal,6,1,13,1,158
Electricity,Normal,10,3,13,3,184
Other,Normal,12,3,9,3,242
Electricity,Normal,7,3,19,2,175
Air Conditioner,Normal,8,4,9,3,211
Air Conditioner,Low,12,4,11,2,280
Internet,Normal,4,2,11,0,107
Internet,Normal,1,2,10,2,52
Plumbing,Low,6,1,14,2,182
Plumbing,High,4,4,20,2,89
Internet,Normal,8,1,12,4,190
Plumbing,Normal,10,1,17,4,227
Air Conditioner,High,6,3,17,0,147
Plumbing,Low,4,4,17,2,133
Electricity,Normal,7,2,16,0,183
Other,Low,5,1,17,5,194
Internet,Low,2,1,17,6,133
Air Conditioner,High,10,4,16,3,190
Other,High,4,3,15,6,92
Plumbing,Normal,7,2,9,4,165
Other,Normal,11,4,14,6,210
Plumbing,High,2,1,17,6,105
Other,Normal,5,3,12,4,102
Other,Low,2,2,11,3,89
Other,High,5,1,15,5,142
Air Conditioner,Normal,3,4,9,1,73
Other,Low,11,4,17,2,245
Internet,Normal,3,4,20,3,85
Plumbing,Low,7,1,14,1,201
Electricity,Normal,1,3,8,3,73
Internet,Normal,5,2,11,5,144
Other,Normal,10,2,8,5,216
Door/Lock,Normal,8,1,13,6,187
Electricity,Normal,3,3,12,6,87
Internet,Normal,12,4,18,2,231
Air Conditioner,Normal,10,1,18,4,267
Electricity,Normal,5,3,13,2,101
Door/Lock,Normal,12,3,20,6,259
Internet,Low,2,3,13,1,94
Door/Lock,Normal,4,2,9,1,87
Electricity,Normal,12,1,19,6,310
Plumbing,Normal,12,4,13,1,213
Door/Lock,High,10,3,19,4,183
Air Conditioner,High,2,3,17,2,62
Other,Low,2,3,20,1,102
Other,Low,8,2,16,4,188
Other,Normal,0,2,15,5,76
Other,Low,12,3,11,1,240
Electricity,High,12,4,11,6,242
Electricity,Normal,10,2,12,0,227
Door/Lock,Low,12,1,12,0,278
Plumbing,Normal,2,1,15,6,110
Other,Normal,11,3,19,0,257
Air Conditioner,Normal,3,1,8,2,147
Other,Normal,1,4,16,0,23
Electricity,High,3,2,17,1,90
Other,Normal,10,2,13,0,204
Electricity,High,12,1,11,2,230
Internet,Low,7,2,13,2,188
Other,Normal,3,3,18,1,94
Plumbing,High,7,4,19,5,142
Plumbing,Normal,6,3,16,0,142
Air Conditioner,Normal,6,3,14,3,150
Internet,High,4,2,16,2,76
Internet,Normal,1,2,16,4,41
Internet,High,4,4,17,2,82
Air Conditioner,Normal,11,3,9,3,256
Air Conditioner,Normal,5,4,8,5,142
Other,Normal,0,3,12,1,28
Internet,Normal,4,1,11,3,105
Air Conditioner,Low,5,2,15,3,161
Air Conditioner,High,7,2,14,5,184
Air Conditioner,Normal,8,2,19,3,197
Door/Lock,Normal,5,4,18,5,127
Internet,High,1,2,9,5,55
Internet,Normal,5,1,19,5,171
Internet,Low,0,3,18,4,66
Other,Normal,6,2,12,6,160
Plumbing,Normal,5,1,8,0,136
Plumbing,Normal,4,4,18,3,93
Electricity,Low,8,4,10,5,200
Other,Normal,9,4,10,0,185
Electricity,Normal,3,2,14,5,122
Electricity,High,6,4,9,0,96
Door/Lock,Normal,6,2,13,5,145
Air Conditioner,Normal,6,4,11,1,130
Plumbing,Low,5,4,8,4,127
Internet,High,2,1,19,5,100
Other,High,2,2,11,5,80
Air Conditioner,High,0,3,15,4,46
Electricity,Normal,0,1,18,6,76
Other,Low,10,4,14,0,220
Internet,Normal,0,3,11,1,26
Internet,Normal,11,1,17,0,255
Plumbing,Normal,11,4,16,5,223
Air Conditioner,Low,3,1,8,6,165
Plumbing,Low,5,2,18,6,219
Plumbing,Normal,4,1,9,3,128
Door/Lock,High,5,1,17,0,112
Internet,Normal,4,3,9,1,89
Other,Normal,4,1,8,4,101
Air Conditioner,Normal,8,3,9,6,203
Plumbing,Normal,5,1,17,6,189
Door/Lock,Normal,2,4,13,5,45
Air Conditioner,Low,4,4,15,6,105
Air Conditioner,Normal,12,2,11,3,270
Plumbing,Low,12,2,9,1,276
Air Conditioner,High,0,3,18,3,28
Air Conditioner,High,7,3,18,0,154
Plumbing,Normal,12,1,18,4,292
Other,Normal,2,4,8,2,38
Air Conditioner,Normal,0,4,20,2,56
Internet,Low,2,2,15,0,103
Internet,Normal,4,3,10,6,108
Electricity,Normal,12,1,10,2,258
Electricity,Normal,3,3,14,5,100
Air Conditioner,Low,4,3,15,3,134
Air Conditioner,Normal,3,2,8,4,84
Electricity,Low,5,2,14,3,174
Other,Low,12,1,11,4,293
Plumbing,Low,1,4,19,1,72
Electricity,Low,5,1,15,6,160
Other,Normal,7,3,12,2,143
Door/Lock,Normal,1,4,13,0,10
Door/Lock,Normal,0,1,18,6,70
Electricity,Normal,12,1,16,0,238
Other,Low,3,4,13,3,80
Internet,High,3,4,18,5,74
Internet,High,4,1,16,2,93
Door/Lock,Low,0,2,8,1,43
Plumbing,Normal,1,3,16,1,48
Other,Low,0,3,20,4,80
Other,High,6,3,19,4,119
Internet,Normal,6,2,8,3,128
Plumbing,Low,3,3,19,3,105
Door/Lock,Normal,11,1,20,2,243
Plumbing,Normal,3,4,10,6,74
Internet,Normal,0,3,16,1,31
Air Conditioner,Normal,1,2,17,5,106
Door/Lock,Normal,9,2,8,5,214
Other,Normal,6,2,18,0,175
Air Conditioner,Normal,3,2,13,1,95
Door/Lock,High,3,1,11,3,63
Other,Normal,2,3,11,1,71
Air Conditioner,Normal,5,1,14,5,175
Plumbing,Normal,9,2,18,3,227
Plumbing,Normal,8,4,18,5,211
Other,Normal,9,3,10,0,192
Electricity,Normal,0,4,18,0,35
Air Conditioner,Low,7,3,18,4,225
Plumbing,Low,9,4,8,5,223
Electricity,Low,2,1,12,6,135
Air Conditioner,Normal,7,3,8,5,183
Internet,Normal,0,2,20,5,81
Air Conditioner,Normal,11,1,14,0,253
Door/Lock,Normal,9,1,11,4,175
Door/Lock,High,8,1,19,4,183
Other,Low,7,1,16,2,182
Air Conditioner,Normal,8,2,20,6,220
Internet,Normal,5,1,18,6,186
Door/Lock,Normal,12,4,20,5,263
Electricity,Normal,2,3,10,6,76
Air Conditioner,Normal,10,4,10,3,170
Air Conditioner,High,9,1,8,5,231
Internet,Normal,10,1,12,0,231
Electricity,High,0,4,15,1,10
Other,Normal,5,2,15,4,127
Other,High,8,4,16,0,129
Internet,Low,8,1,17,5,245
Other,Normal,8,1,18,1,192
Internet,Normal,8,2,14,2,167
Air Conditioner,Normal,2,3,11,1,79
Air Conditioner,Normal,10,1,13,3,247
Door/Lock,Normal,6,1,19,0,168
Plumbing,Normal,12,1,18,5,290
Other,Normal,6,1,19,6,169
Air Conditioner,Normal,6,4,15,5,150
Air Conditioner,Normal,7,4,18,1,159
Door/Lock,Normal,11,1,13,2,233
Other,Normal,11,2,8,1,213
Other,Low,7,2,17,4,214
Air Conditioner,Normal,7,1,9,6,199
Plumbing,Normal,0,3,16,6,68
Internet,Normal,0,4,20,6,51
Other,Normal,9,3,8,4,168
Plumbing,Normal,4,4,17,1,132
Internet,Normal,5,3,19,2,130
Air Conditioner,High,8,3,16,2,165
Door/Lock,Low,2,4,16,0,57
Air Conditioner,Normal,4,3,19,5,155
Other,High,0,4,18,4,11
Air Conditioner,High,9,4,8,6,179
Internet,Normal,6,1,18,5,186
Door/Lock,Normal,2,3,17,4,64
Plumbing,Normal,7,3,10,0,162
Plumbing,High,1,2,16,3,46
Internet,Normal,10,3,18,3,219
Internet,Normal,3,4,19,4,72
Internet,Low,3,1,19,3,133
Internet,Normal,11,3,18,5,241
Air Conditioner,Normal,9,4,9,0,196
Other,High,8,2,14,0,148
Air Conditioner,Normal,7,2,11,6,195
Internet,Normal,6,1,8,3,154
Other,Normal,2,2,11,5,87
Other,Normal,3,2,19,6,123
Air Conditioner,Normal,12,4,15,0,232
Plumbing,Low,11,1,17,4,297
Internet,Normal,9,3,14,1,177
Plumbing,Low,11,1,12,1,275
Door/Lock,High,10,4,14,1,171
Electricity,Normal,5,2,20,5,170
Plumbing,Normal,9,2,11,0,196
Plumbing,Normal,9,4,12,4,177
Internet,Low,1,3,19,2,99
Door/Lock,Normal,11,1,12,1,227
Plumbing,High,6,2,19,1,147
Air Conditioner,Normal,4,2,20,2,149
Plumbing,Normal,6,3,8,2,140
Internet,High,4,4,16,2,55
Door/Lock,High,4,3,9,3,52
Other,High,7,2,19,6,175
Other,Normal,12,3,9,3,243
Electricity,Normal,5,4,19,1,136
Other,Normal,2,1,18,4,79
Plumbing,Normal,9,3,14,5,232
Electricity,Normal,3,3,10,4,75
Electricity,High,6,3,11,3,123
Door/Lock,Normal,3,1,13,4,78
Door/Lock,High,2,1,19,6,68
Plumbing,High,3,2,19,0,77
Other,Normal,4,2,14,6,119
Other,Low,12,4,11,6,274
Other,High,8,3,15,6,163
Electricity,Low,9,4,18,3,214
Other,Normal,0,1,15,5,76
Door/Lock,Low,0,4,19,0,40
Internet,Normal,4,1,8,2,118
Electricity,Normal,11,3,14,6,279
Other,Normal,0,2,8,1,31
Door/Lock,High,9,4,15,5,151
Internet,Low,10,3,16,2,230
Other,Low,3,2,12,4,119
Plumbing,Normal,1,3,18,4,69
Internet,High,1,3,20,6,57
Plumbing,Normal,1,3,13,2,65
Electricity,Normal,10,3,13,5,240
Plumbing,Low,10,3,10,3,233
Plumbing,High,8,4,8,2,133
Plumbing,Normal,1,1,13,0,76
Air Conditioner,High,12,2,13,0,239
Air Conditioner,Normal,8,4,17,5,220
Internet,High,10,2,19,0,214
Plumbing,Normal,4,4,9,0,121
Air Conditioner,Normal,2,3,9,1,93
Air Conditioner,Normal,10,2,15,2,218
Air Conditioner,Normal,0,2,12,1,45
Air Conditioner,High,2,2,17,4,62
Other,Normal,1,1,12,5,55
Internet,High,1,2,13,3,30
Plumbing,Normal,7,3,13,4,141
Electricity,High,2,4,15,6,68
Air Conditioner,Normal,12,4,8,6,277
Internet,High,12,2,19,4,242
Other,Low,2,4,12,0,64
Air Conditioner,Normal,10,2,10,5,269
Air Conditioner,Low,0,4,16,5,93
Internet,Normal,3,4,9,2,50
Air Conditioner,Normal,8,2,15,1,182
Air Conditioner,High,2,3,8,0,51
Internet,High,1,4,11,1,10
Internet,Normal,2,1,17,5,111
Air Conditioner,High,8,1,12,6,212
Door/Lock,Normal,2,3,19,1,86
Air Conditioner,Normal,3,1,12,2,100
Plumbing,Normal,2,4,16,5,68
Door/Lock,Low,11,2,8,0,227
Internet,Low,11,2,20,6,282
Internet,Normal,10,4,16,0,183
Internet,Normal,0,3,17,1,28
Internet,Normal,3,4,12,0,67
Other,High,11,3,11,5,219
Internet,Low,7,3,13,2,174
Plumbing,High,0,3,11,3,10
Door/Lock,High,3,4,8,3,28
Plumbing,Normal,10,4,16,2,193
Door/Lock,Normal,11,1,17,5,266
Plumbing,Low,5,3,16,3,149
Electricity,High,1,4,15,5,10
Door/Lock,Normal,1,3,14,4,30
Internet,High,2,2,20,4,55
Air Conditioner,Normal,10,4,14,6,223
Electricity,Normal,10,2,17,3,215
Door/Lock,Normal,3,1,13,2,83
Other,Normal,12,2,8,5,270
Electricity,Normal,11,1,12,4,251
Air Conditioner,Low,12,3,17,3,284
Plumbing,Low,9,4,16,2,209
Electricity,Low,7,2,17,6,239
Air Conditioner,Low,12,3,17,1,292
Other,Normal,8,4,10,0,151
Electricity,Low,10,2,18,4,234
Plumbing,Normal,5,4,17,0,114
Plumbing,Normal,3,1,12,5,130
Air Conditioner,Normal,7,3,14,5,196
Electricity,Normal,5,1,19,5,169
Electricity,Low,4,4,10,1,141
Plumbing,Normal,9,1,11,6,239
Internet,Normal,7,4,10,0,118
