area,property_type,bedrooms,bathrooms,size_m2,furnished,monthly_rent
East Jakarta,Boarding House,3,3,54.7,Yes,5186000
South Jakarta,Boarding House,1,1,17.2,Semi,4191000
North Jakarta,Studio,1,2,33.0,Semi,4717000
East Jakarta,Boarding House,1,1,28.2,No,3374000
Central Jakarta,Boarding House,1,2,28.5,Semi,4284000
North Jakarta,Boarding House,2,2,61.8,Yes,4010000
East Jakarta,Studio,1,2,19.8,Yes,4272000
East Jakarta,Apartment,1,1,43.1,No,4807000
Central Jakarta,Apartment,2,1,46.0,Yes,6854000
South Jakarta,Studio,1,1,39.3,Yes,5235000
South Jakarta,Apartment,3,3,70.4,Semi,6592000
North Jakarta,Apartment,1,1,43.0,No,4108000
South Jakarta,Boarding House,2,3,38.4,Semi,5972000
East Jakarta,Apartment,1,1,33.9,No,3342000
South Jakarta,Boarding House,1,2,39.4,Semi,3933000
West Jakarta,Apartment,1,1,54.2,Semi,5419000
South Jakarta,Boarding House,2,2,49.8,Yes,5293000
Central Jakarta,Apartment,1,2,32.8,Semi,4899000
East Jakarta,Apartment,1,1,42.7,Yes,5576000
South Jakarta,Boarding House,1,1,51.4,Yes,5053000
East Jakarta,Small House,2,3,68.8,No,5027000
West Jakarta,Apartment,2,2,65.7,No,5007000
North Jakarta,Apartment,2,3,48.1,Yes,6997000
North Jakarta,Boarding House,1,1,31.7,Yes,3879000
East Jakarta,Boarding House,2,3,51.0,Semi,5156000
West Jakarta,Studio,1,2,35.2,Semi,4675000
South Jakarta,Apartment,1,2,33.9,Semi,5115000
Central Jakarta,Apartment,3,2,61.5,Yes,7017000
Central Jakarta,Small House,3,3,89.9,Yes,8329000
East Jakarta,Apartment,2,1,63.5,No,5622000
East Jakarta,Apartment,2,1,66.1,No,4165000
North Jakarta,Small House,3,2,96.4,No,6373000
West Jakarta,Apartment,2,2,55.1,Yes,6027000
South Jakarta,Apartment,2,2,51.5,Yes,6052000
South Jakarta,Apartment,2,3,64.8,Yes,7094000
West Jakarta,Studio,1,1,37.7,No,3141000
Central Jakarta,Studio,1,1,24.1,Semi,4245000
South Jakarta,Apartment,1,2,31.7,No,4602000
West Jakarta,Boarding House,1,2,35.9,Semi,3662000
East Jakarta,Boarding House,3,2,58.6,No,4512000
South Jakarta,Studio,1,2,31.8,Yes,4655000
East Jakarta,Apartment,2,1,62.6,No,5654000
East Jakarta,Studio,1,1,38.1,Semi,4027000
West Jakarta,Small House,1,1,64.6,Yes,6091000
East Jakarta,Studio,1,2,16.5,Semi,3566000
East Jakarta,Boarding House,2,3,48.0,No,3878000
South Jakarta,Apartment,1,2,45.6,Yes,6751000
West Jakarta,Boarding House,3,3,47.8,Semi,4960000
East Jakarta,Apartment,2,2,48.8,Semi,5187000
Central Jakarta,Boarding House,3,3,53.3,Semi,6243000
West Jakarta,Apartment,2,1,54.2,Yes,5288000
Central Jakarta,Small House,2,2,81.0,Semi,6768000
East Jakarta,Apartment,3,2,84.2,Semi,6618000
East Jakarta,Boarding House,3,3,53.5,Semi,5594000
East Jakarta,Small House,1,2,58.2,No,4738000
East Jakarta,Small House,3,3,86.5,Yes,7301000
South Jakarta,Apartment,3,3,71.1,No,6740000
South Jakarta,Apartment,2,1,57.2,Semi,5611000
Central Jakarta,Apartment,1,2,42.4,Semi,6553000
Central Jakarta,Apartment,1,1,53.5,No,4546000
East Jakarta,Apartment,1,2,48.8,Semi,4177000
South Jakarta,Small House,1,2,45.5,Semi,5514000
South Jakarta,Small House,3,3,88.4,No,7532000
East Jakarta,Apartment,3,2,75.1,No,5928000
South Jakarta,Boarding House,2,2,48.5,Yes,5913000
South Jakarta,Small House,2,2,77.1,Yes,5779000
South Jakarta,Small House,3,3,83.5,Semi,6838000
West Jakarta,Apartment,2,2,55.6,Semi,4848000
Central Jakarta,Apartment,2,2,55.0,No,6281000
South Jakarta,Boarding House,2,2,29.9,No,3681000
West Jakarta,Apartment,1,1,39.4,Semi,4153000
South Jakarta,Apartment,1,1,34.7,Yes,5775000
North Jakarta,Small House,2,1,58.5,Yes,6001000
West Jakarta,Small House,3,3,93.5,Semi,6671000
Central Jakarta,Small House,1,1,58.0,Yes,6021000
West Jakarta,Boarding House,1,2,31.8,Semi,4054000
West Jakarta,Apartment,1,2,35.5,No,4432000
East Jakarta,Apartment,3,2,70.4,Semi,5614000
South Jakarta,Apartment,2,1,61.9,No,5989000
East Jakarta,Apartment,2,2,47.4,Yes,5919000
East Jakarta,Apartment,2,3,54.0,Semi,5984000
South Jakarta,Boarding House,1,1,38.9,Semi,4361000
East Jakarta,Apartment,3,2,52.5,Semi,5259000
West Jakarta,Boarding House,1,1,31.5,Yes,4298000
Central Jakarta,Apartment,1,1,36.6,Semi,5278000
Central Jakarta,Apartment,3,3,66.9,Semi,6947000
East Jakarta,Studio,1,2,28.0,No,3361000
South Jakarta,Apartment,1,1,41.1,Yes,5349000
West Jakarta,Small House,2,1,83.4,Semi,6071000
South Jakarta,Apartment,1,1,37.4,No,4205000
Central Jakarta,Apartment,3,3,70.3,Yes,7179000
East Jakarta,Boarding House,3,2,76.0,No,4709000
South Jakarta,Apartment,1,2,35.6,No,5757000
South Jakarta,Studio,1,2,46.5,Semi,5452000
West Jakarta,Apartment,1,1,40.0,Semi,4002000
South Jakarta,Studio,1,1,46.3,Semi,5361000
West Jakarta,Boarding House,1,1,38.0,No,3961000
Central Jakarta,Apartment,1,2,42.5,No,4726000
Central Jakarta,Studio,1,1,31.5,No,3102000
North Jakarta,Studio,1,1,27.0,No,3424000
North Jakarta,Apartment,3,2,68.6,Yes,7180000
East Jakarta,Studio,1,1,39.2,Semi,4541000
West Jakarta,Small House,3,3,81.9,Semi,6142000
North Jakarta,Studio,1,2,29.5,Semi,4859000
East Jakarta,Boarding House,3,2,58.0,Yes,4281000
East Jakarta,Apartment,1,1,47.9,No,4067000
South Jakarta,Apartment,2,2,63.8,No,5801000
West Jakarta,Studio,1,2,26.7,Semi,4638000
Central Jakarta,Boarding House,3,3,54.7,Semi,6528000
North Jakarta,Small House,1,1,57.0,Yes,5476000
South Jakarta,Studio,1,1,44.2,Yes,4508000
West Jakarta,Studio,1,2,41.2,Yes,5169000
West Jakarta,Small House,2,3,58.0,No,5533000
South Jakarta,Apartment,1,2,37.9,No,4320000
West Jakarta,Studio,1,1,24.6,No,2582000
North Jakarta,Apartment,2,3,51.9,Yes,6611000
East Jakarta,Boarding House,3,3,72.8,Yes,5690000
East Jakarta,Boarding House,3,2,48.6,Yes,4537000
South Jakarta,Apartment,2,2,41.0,No,5485000
South Jakarta,Small House,1,2,47.4,Yes,5857000
South Jakarta,Apartment,1,1,42.3,Semi,5244000
South Jakarta,Apartment,1,2,45.0,Yes,5251000
Central Jakarta,Apartment,3,3,71.5,Semi,8095000
South Jakarta,Apartment,3,2,77.4,No,7135000
Central Jakarta,Apartment,2,1,39.9,No,5287000
South Jakarta,Studio,1,1,41.5,Yes,4934000
West Jakarta,Apartment,1,2,37.5,Semi,5077000
Central Jakarta,Boarding House,3,3,65.9,Semi,5637000
Central Jakarta,Studio,1,1,21.4,Semi,4551000
South Jakarta,Apartment,1,1,40.0,Semi,4642000
West Jakarta,Boarding House,1,1,33.9,Yes,3998000
North Jakarta,Boarding House,2,2,55.2,No,3709000
South Jakarta,Boarding House,2,3,33.3,No,4157000
West Jakarta,Boarding House,1,2,32.2,Yes,4961000
South Jakarta,Boarding House,2,1,37.3,Semi,4668000
Central Jakarta,Studio,1,1,36.0,No,4412000
North Jakarta,Apartment,3,3,74.2,No,5341000
South Jakarta,Boarding House,2,2,56.3,No,4585000
East Jakarta,Apartment,1,2,35.7,No,4441000
Central Jakarta,Studio,1,1,39.4,No,4467000
South Jakarta,Apartment,3,3,78.9,No,5961000
South Jakarta,Apartment,2,1,40.9,Yes,6199000
North Jakarta,Apartment,3,2,72.9,Yes,6917000
South Jakarta,Studio,1,2,39.7,Yes,5832000
South Jakarta,Boarding House,3,3,57.9,Semi,5608000
West Jakarta,Small House,1,1,44.3,No,3159000
West Jakarta,Apartment,1,2,47.5,Yes,5047000
South Jakarta,Small House,2,2,58.4,Yes,5848000
South Jakarta,Studio,1,1,30.6,Semi,4802000
Central Jakarta,Small House,3,3,81.7,No,5558000
East Jakarta,Small House,3,3,87.7,Semi,6137000
North Jakarta,Studio,1,1,27.0,Semi,4447000
Central Jakarta,Boarding House,2,1,40.5,Semi,4803000
South Jakarta,Small House,1,2,54.8,No,5480000
Central Jakarta,Small House,3,3,90.1,Yes,6942000
East Jakarta,Small House,2,1,86.3,Semi,4702000
West Jakarta,Apartment,1,2,27.9,Semi,5390000
East Jakarta,Studio,1,1,34.5,No,3437000
East Jakarta,Small House,3,3,73.3,Yes,6526000
East Jakarta,Boarding House,1,1,40.2,Yes,3340000
Central Jakarta,Boarding House,1,2,24.5,No,3976000
North Jakarta,Apartment,3,3,62.6,Semi,5871000
West Jakarta,Apartment,1,1,35.3,Semi,5189000
Central Jakarta,Studio,1,2,31.4,Yes,6433000
South Jakarta,Boarding House,3,3,62.6,No,5854000
South Jakarta,Studio,1,2,35.9,Yes,4900000
East Jakarta,Boarding House,3,3,60.0,Semi,3999000
East Jakarta,Small House,2,3,57.4,No,4234000
West Jakarta,Apartment,1,2,45.8,No,5414000
North Jakarta,Apartment,1,2,39.6,No,4039000
West Jakarta,Apartment,3,3,77.3,No,6234000
South Jakarta,Small House,1,2,48.3,Semi,5605000
West Jakarta,Boarding House,2,1,33.2,Yes,5134000
North Jakarta,Apartment,2,2,53.7,No,5117000
West Jakarta,Studio,1,1,42.4,Yes,4401000
Central Jakarta,Apartment,3,3,69.3,No,6889000
South Jakarta,Apartment,2,1,52.4,Semi,5631000
North Jakarta,Small House,2,2,61.0,Yes,5530000
North Jakarta,Boarding House,2,1,60.1,Yes,5036000
East Jakarta,Apartment,2,3,45.8,Semi,5517000
North Jakarta,Small House,3,3,76.2,Yes,7691000
North Jakarta,Apartment,1,1,44.6,No,4570000
South Jakarta,Small House,1,2,39.2,No,5313000
West Jakarta,Apartment,2,2,64.2,Semi,5363000
East Jakarta,Boarding House,2,3,51.0,No,4414000
East Jakarta,Small House,1,2,61.2,Semi,4416000
South Jakarta,Apartment,3,2,72.5,No,6772000
Central Jakarta,Boarding House,2,1,44.7,Yes,5585000
East Jakarta,Small House,1,1,45.5,Yes,4661000
West Jakarta,Studio,1,1,30.9,Yes,5459000
North Jakarta,Studio,1,1,24.2,Yes,4798000
West Jakarta,Boarding House,2,3,49.9,No,4988000
Central Jakarta,Apartment,1,2,46.5,No,5670000
East Jakarta,Studio,1,1,43.8,Semi,4702000
Central Jakarta,Apartment,2,1,57.0,Semi,5449000
West Jakarta,Boarding House,1,1,39.4,Semi,4346000
South Jakarta,Apartment,2,3,51.6,Semi,5893000
North Jakarta,Apartment,1,1,36.2,Semi,4317000
West Jakarta,Small House,1,1,57.8,No,4663000
West Jakarta,Apartment,2,2,50.9,No,5811000
East Jakarta,Small House,3,3,84.2,Semi,5756000
North Jakarta,Apartment,3,3,59.5,Semi,6101000
South Jakarta,Small House,1,1,46.9,Yes,5509000
Central Jakarta,Boarding House,1,2,37.1,Semi,4424000
Central Jakarta,Studio,1,1,39.1,Yes,5508000
West Jakarta,Small House,2,3,60.1,Yes,7638000
Central Jakarta,Apartment,3,3,73.4,No,7119000
East Jakarta,Studio,1,1,27.7,Semi,3288000
Central Jakarta,Studio,1,1,32.1,Semi,4015000
South Jakarta,Boarding House,1,2,43.3,Semi,4374000
East Jakarta,Studio,1,2,38.5,No,3259000
South Jakarta,Apartment,1,1,46.4,Yes,5965000
West Jakarta,Studio,1,2,47.3,Yes,5094000
East Jakarta,Apartment,1,2,34.4,No,4000000
East Jakarta,Apartment,1,2,32.1,No,5061000
East Jakarta,Apartment,3,2,62.2,No,5279000
Central Jakarta,Apartment,3,3,66.0,Yes,7494000
Central Jakarta,Studio,1,1,15.0,Semi,4578000
North Jakarta,Boarding House,3,2,58.3,No,5142000
South Jakarta,Apartment,3,3,63.6,Yes,7980000
West Jakarta,Boarding House,3,2,66.3,Semi,5526000
South Jakarta,Studio,1,2,34.8,Semi,5240000
East Jakarta,Studio,1,1,27.2,Semi,3310000
North Jakarta,Apartment,3,2,72.7,Semi,6762000
West Jakarta,Apartment,3,2,73.8,Semi,6875000
North Jakarta,Apartment,3,3,61.9,No,6704000
Central Jakarta,Boarding House,2,3,42.1,Semi,4516000
South Jakarta,Apartment,3,3,50.2,Yes,6755000
South Jakarta,Apartment,3,3,59.3,Semi,7297000
Central Jakarta,Apartment,3,2,62.1,Yes,6064000
Central Jakarta,Studio,1,1,32.6,Semi,4828000
South Jakarta,Apartment,3,2,60.4,Yes,7605000
North Jakarta,Apartment,2,2,49.9,No,4879000
South Jakarta,Apartment,3,2,58.2,Yes,6894000
North Jakarta,Studio,1,1,33.4,No,3087000
East Jakarta,Boarding House,3,3,63.4,No,4617000
South Jakarta,Small House,3,3,85.2,No,6522000
East Jakarta,Studio,1,1,32.1,No,3041000
Central Jakarta,Boarding House,2,2,33.7,Yes,4964000
Central Jakarta,Boarding House,2,2,41.0,Yes,5307000
East Jakarta,Apartment,1,1,36.7,Yes,4654000
East Jakarta,Boarding House,2,1,42.8,No,4433000
West Jakarta,Boarding House,2,2,46.6,Yes,4751000
South Jakarta,Small House,2,3,79.4,Yes,7094000
South Jakarta,Small House,3,3,88.5,Semi,6893000
North Jakarta,Studio,1,1,24.1,Semi,3488000
South Jakarta,Apartment,1,2,45.4,Semi,4791000
South Jakarta,Apartment,2,3,59.1,No,5417000
South Jakarta,Studio,1,1,25.6,Semi,3837000
South Jakarta,Apartment,3,2,74.8,Yes,7469000
East Jakarta,Small House,3,3,80.7,No,6347000
North Jakarta,Studio,1,1,20.7,Semi,2889000
South Jakarta,Apartment,3,2,71.6,Semi,6682000
West Jakarta,Small House,3,3,83.7,Yes,6352000
West Jakarta,Apartment,2,3,52.2,Yes,6130000
East Jakarta,Apartment,1,1,39.7,Yes,5319000
East Jakarta,Small House,2,2,62.2,Semi,5009000
Central Jakarta,Apartment,3,2,72.9,Semi,7030000
Central Jakarta,Studio,1,1,31.7,Semi,5245000
South Jakarta,Studio,1,1,33.3,Semi,4726000
Central Jakarta,Small House,2,2,70.9,No,5573000
East Jakarta,Apartment,3,2,58.8,Semi,5969000
West Jakarta,Apartment,1,1,32.8,Yes,4639000
Central Jakarta,Studio,1,1,15.0,Semi,4479000
North Jakarta,Apartment,2,2,58.5,Yes,6275000
West Jakarta,Small House,2,1,58.3,Semi,4604000
West Jakarta,Apartment,2,2,55.1,Semi,5760000
Central Jakarta,Small House,2,1,71.0,No,5645000
Central Jakarta,Apartment,3,3,72.8,No,7166000
Central Jakarta,Apartment,1,1,30.4,Semi,5541000
Central Jakarta,Small House,3,3,81.5,Semi,7341000
West Jakarta,Apartment,3,2,81.4,No,6118000
Central Jakarta,Apartment,1,2,53.7,No,5877000
South Jakarta,Small House,1,1,61.9,No,4591000
East Jakarta,Apartment,2,1,56.7,Yes,4996000
South Jakarta,Apartment,3,3,60.0,Yes,5901000
West Jakarta,Small House,3,2,87.7,Semi,6388000
South Jakarta,Apartment,3,2,66.7,No,6122000
North Jakarta,Apartment,3,3,72.5,No,6394000
North Jakarta,Studio,1,1,26.9,No,2568000
Central Jakarta,Apartment,2,2,52.6,Semi,5946000
West Jakarta,Apartment,1,1,41.3,No,4625000
West Jakarta,Boarding House,2,1,48.0,Semi,3870000
West Jakarta,Apartment,1,1,43.9,Yes,5395000
South Jakarta,Boarding House,1,1,27.4,Semi,3762000
South Jakarta,Apartment,3,3,57.3,Yes,7276000
Central Jakarta,Apartment,3,3,81.0,No,7336000
South Jakarta,Apartment,2,1,73.9,No,6379000
South Jakarta,Boarding House,1,1,35.6,Yes,4602000
Central Jakarta,Apartment,1,1,29.4,Semi,4783000
East Jakarta,Apartment,1,1,33.8,Semi,4123000
Central Jakarta,Small House,3,3,86.1,Yes,7896000
North Jakarta,Apartment,1,2,50.7,Semi,4594000
Central Jakarta,Apartment,1,2,30.3,No,4955000
East Jakarta,Small House,3,2,81.0,Semi,5824000
North Jakarta,Apartment,3,2,69.6,No,5896000
North Jakarta,Studio,1,2,38.9,No,3436000
East Jakarta,Apartment,1,1,37.3,No,3207000
East Jakarta,Studio,1,2,19.5,Yes,4325000
South Jakarta,Apartment,1,1,45.0,Semi,5763000
East Jakarta,Boarding House,3,2,69.0,No,3925000
Central Jakarta,Studio,1,2,31.3,No,4620000
South Jakarta,Boarding House,3,3,63.2,Semi,6486000
South Jakarta,Small House,2,3,64.2,Yes,6934000
North Jakarta,Boarding House,3,3,53.2,No,4681000
South Jakarta,Boarding House,2,1,54.2,Semi,4521000
South Jakarta,Boarding House,1,2,35.1,Yes,4808000
South Jakarta,Small House,3,2,85.9,Yes,7398000
West Jakarta,Apartment,2,2,66.0,Yes,6321000
Central Jakarta,Studio,1,1,23.6,No,4013000
South Jakarta,Apartment,2,3,49.6,No,5465000
South Jakarta,Apartment,2,3,55.3,Semi,6595000
West Jakarta,Studio,1,1,27.5,No,3777000
West Jakarta,Boarding House,1,2,38.3,Yes,4419000
West Jakarta,Studio,1,1,30.5,No,3669000
West Jakarta,Small House,1,1,46.1,Semi,5305000
South Jakarta,Apartment,1,2,40.5,Yes,5589000
East Jakarta,Studio,1,1,33.4,Yes,4697000
West Jakarta,Studio,1,1,39.5,Semi,3800000
North Jakarta,Apartment,1,1,43.1,Yes,5596000
North Jakarta,Apartment,1,1,43.7,No,4911000
South Jakarta,Studio,1,2,34.6,Semi,4630000
West Jakarta,Apartment,2,3,52.5,No,6252000
South Jakarta,Apartment,1,2,34.3,Yes,5968000
East Jakarta,Apartment,2,2,56.3,Yes,5409000
East Jakarta,Apartment,1,1,37.3,No,3874000
East Jakarta,Apartment,1,1,53.5,No,4843000
South Jakarta,Apartment,1,1,50.7,Semi,5849000
South Jakarta,Studio,1,1,37.1,No,3761000
West Jakarta,Studio,1,1,35.0,Yes,4388000
East Jakarta,Apartment,2,1,53.3,No,4871000
West Jakarta,Boarding House,3,3,49.9,Yes,5430000
East Jakarta,Small House,3,3,80.3,Semi,7266000
North Jakarta,Small House,2,3,68.8,Semi,5854000
Central Jakarta,Apartment,1,2,41.8,No,5215000
South Jakarta,Apartment,2,2,57.8,Yes,7165000
Central Jakarta,Apartment,1,1,47.4,Semi,5308000
East Jakarta,Boarding House,2,3,40.5,Semi,4792000
Central Jakarta,Boarding House,1,2,26.5,Semi,3567000
North Jakarta,Small House,2,1,79.6,Yes,5699000
Central Jakarta,Small House,2,3,74.2,Yes,7417000
North Jakarta,Apartment,3,2,64.9,Yes,7314000
East Jakarta,Boarding House,2,2,45.1,Semi,3855000
South Jakarta,Boarding House,3,2,59.2,Yes,5705000
East Jakarta,Apartment,2,3,54.3,No,5492000
East Jakarta,Small House,3,2,85.8,Yes,6204000
North Jakarta,Studio,1,2,52.3,Semi,4360000
West Jakarta,Small House,3,2,83.5,Semi,6738000
South Jakarta,Boarding House,2,1,51.3,Yes,5049000
Central Jakarta,Studio,1,1,18.5,Yes,3869000
South Jakarta,Boarding House,2,3,42.1,Semi,4583000
West Jakarta,Studio,1,1,41.8,Semi,4177000
South Jakarta,Boarding House,2,1,49.2,Yes,4417000
South Jakarta,Boarding House,3,2,24.9,Yes,5354000
South Jakarta,Boarding House,2,2,51.4,Yes,4889000
South Jakarta,Small House,1,1,69.3,No,5856000
East Jakarta,Studio,1,2,16.0,Semi,4603000
East Jakarta,Apartment,3,2,80.2,Yes,6207000
South Jakarta,Apartment,1,2,17.8,Yes,5576000
South Jakarta,Studio,1,2,39.5,Yes,4819000
North Jakarta,Apartment,2,3,53.9,Semi,5642000
Central Jakarta,Apartment,1,2,21.2,Semi,6033000
Central Jakarta,Apartment,2,3,57.6,Semi,6336000
Central Jakarta,Apartment,3,2,77.2,Yes,7401000
East Jakarta,Small House,1,1,56.9,No,3670000
South Jakarta,Apartment,3,3,72.7,Semi,7684000
East Jakarta,Small House,2,2,64.7,Yes,4186000
East Jakarta,Apartment,1,2,25.1,Yes,4593000
West Jakarta,Apartment,2,3,59.5,No,5611000
North Jakarta,Apartment,2,3,68.0,Yes,6136000
East Jakarta,Apartment,3,2,77.0,No,6265000
West Jakarta,Apartment,3,3,52.1,No,6489000
West Jakarta,Apartment,1,1,27.9,Semi,3886000
West Jakarta,Studio,1,1,25.2,No,4466000
Central Jakarta,Apartment,2,1,41.3,Yes,5572000
Central Jakarta,Apartment,1,1,40.4,Yes,6326000
North Jakarta,Apartment,3,3,71.1,No,6258000
South Jakarta,Boarding House,2,3,34.6,Yes,5205000
South Jakarta,Apartment,2,3,60.2,Semi,6310000
East Jakarta,Small House,3,3,86.8,Yes,6707000
South Jakarta,Boarding House,1,1,27.6,Yes,4511000
North Jakarta,Small House,1,1,52.6,Semi,4153000
East Jakarta,Boarding House,3,3,44.4,No,4404000
South Jakarta,Studio,1,1,29.3,No,3751000
South Jakarta,Apartment,1,1,40.1,Semi,4694000
North Jakarta,Studio,1,2,33.3,Yes,4173000
East Jakarta,Boarding House,3,3,63.0,Semi,4677000
North Jakarta,Apartment,1,2,42.0,Semi,4706000
Central Jakarta,Apartment,1,1,37.9,No,5147000
North Jakarta,Small House,2,2,70.3,Yes,6010000
South Jakarta,Studio,1,1,40.0,Semi,5529000
Central Jakarta,Apartment,2,3,53.2,Yes,5874000
South Jakarta,Boarding House,2,2,48.5,Semi,5275000
East Jakarta,Studio,1,1,30.5,No,3322000
Central Jakarta,Apartment,2,1,48.8,No,5966000
South Jakarta,Boarding House,3,3,64.2,Semi,6338000
East Jakarta,Studio,1,1,27.6,No,3192000
West Jakarta,Apartment,2,2,57.1,Yes,6195000
South Jakarta,Apartment,1,2,40.2,Yes,5529000
South Jakarta,Boarding House,1,2,29.6,No,4198000
West Jakarta,Studio,1,1,29.4,Semi,3103000
North Jakarta,Small House,1,2,49.9,No,4738000
East Jakarta,Small House,1,2,40.8,No,4015000
Central Jakarta,Apartment,1,1,43.1,Yes,5576000
North Jakarta,Apartment,1,2,41.9,Yes,5189000
North Jakarta,Apartment,1,1,46.8,Yes,5091000
West Jakarta,Boarding House,2,3,41.7,No,4895000
East Jakarta,Apartment,1,1,55.2,Semi,6168000
Central Jakarta,Studio,1,1,29.0,Semi,5090000
North Jakarta,Studio,1,1,25.0,Yes,3916000
East Jakarta,Small House,1,2,46.1,Semi,4752000
East Jakarta,Apartment,1,1,26.1,Yes,4893000
Central Jakarta,Small House,2,3,80.3,No,5888000
North Jakarta,Apartment,2,1,65.0,Semi,4972000
Central Jakarta,Small House,3,3,86.8,Yes,7594000
West Jakarta,Studio,1,1,24.8,Semi,4230000
Central Jakarta,Studio,1,1,46.5,Semi,4132000
East Jakarta,Small House,3,2,79.2,Semi,5641000
West Jakarta,Small House,1,1,51.8,Yes,5311000
North Jakarta,Apartment,3,3,79.5,No,6360000
East Jakarta,Apartment,3,3,73.3,Yes,7416000
Central Jakarta,Apartment,2,3,71.6,Semi,6164000
Central Jakarta,Apartment,3,3,70.0,Semi,8278000
Central Jakarta,Apartment,1,1,36.8,Semi,4591000
South Jakarta,Small House,3,2,77.1,No,5465000
East Jakarta,Apartment,2,2,39.2,Yes,5470000
West Jakarta,Boarding House,1,1,29.8,Yes,3445000
East Jakarta,Studio,1,2,41.2,Yes,4463000
Central Jakarta,Studio,1,1,36.8,Yes,5049000
East Jakarta,Boarding House,2,2,46.2,Semi,4133000
North Jakarta,Apartment,1,1,32.0,Semi,4118000
East Jakarta,Boarding House,2,1,47.8,Yes,4625000
East Jakarta,Studio,1,2,40.1,No,3569000
East Jakarta,Small House,2,2,71.4,Yes,6273000
Central Jakarta,Boarding House,1,1,33.3,Semi,4139000
West Jakarta,Small House,1,1,47.6,Semi,4143000
Central Jakarta,Studio,1,1,38.9,Semi,3961000
South Jakarta,Apartment,3,3,42.9,Semi,6556000
East Jakarta,Apartment,3,3,71.1,No,5418000
South Jakarta,Apartment,3,2,88.6,Semi,6627000
North Jakarta,Apartment,2,2,41.9,Semi,5582000
Central Jakarta,Studio,1,1,30.1,No,3411000
East Jakarta,Apartment,2,1,53.9,No,5426000
West Jakarta,Apartment,2,2,50.3,Semi,5667000
West Jakarta,Apartment,1,2,48.3,No,4740000
East Jakarta,Apartment,2,1,57.8,Yes,5144000
North Jakarta,Apartment,2,3,55.2,No,5798000
South Jakarta,Boarding House,1,1,38.4,Semi,4210000
Central Jakarta,Apartment,2,3,54.1,No,5826000
South Jakarta,Apartment,3,2,93.4,Semi,7412000
Central Jakarta,Apartment,2,3,55.2,Semi,5747000
North Jakarta,Boarding House,2,2,47.6,Semi,3710000
East Jakarta,Apartment,1,2,26.3,Semi,3910000
West Jakarta,Apartment,1,2,35.7,Semi,5039000
Central Jakarta,Small House,1,1,63.2,No,5106000
West Jakarta,Apartment,1,1,29.3,Semi,5020000
North Jakarta,Small House,3,2,64.7,Semi,5491000
South Jakarta,Boarding House,3,3,60.3,Semi,6203000
East Jakarta,Studio,1,2,43.0,Semi,4062000
South Jakarta,Apartment,2,2,54.3,Yes,6144000
South Jakarta,Boarding House,2,1,43.3,Semi,4923000
Central Jakarta,Small House,2,1,53.1,No,5347000
North Jakarta,Apartment,2,2,57.6,No,4994000
West Jakarta,Studio,1,2,37.3,No,3980000
South Jakarta,Apartment,3,2,53.7,Semi,6549000
East Jakarta,Studio,1,1,41.1,Yes,4190000
South Jakarta,Boarding House,2,2,52.1,Yes,5343000
North Jakarta,Apartment,2,1,63.1,Semi,4918000
Central Jakarta,Boarding House,1,2,36.7,No,4184000
South Jakarta,Small House,1,2,59.2,Yes,5545000
South Jakarta,Boarding House,1,1,36.2,No,3362000
South Jakarta,Boarding House,2,3,52.9,Semi,5255000
Central Jakarta,Boarding House,3,3,45.4,Yes,6508000
Central Jakarta,Small House,3,3,70.0,Semi,7003000
West Jakarta,Small House,3,2,76.1,No,5621000
West Jakarta,Studio,1,1,31.0,No,3370000
South Jakarta,Apartment,3,3,71.1,Semi,7426000
South Jakarta,Apartment,3,2,70.6,No,5482000
South Jakarta,Small House,2,1,76.9,Semi,6414000
South Jakarta,Boarding House,1,1,41.2,Semi,3418000
South Jakarta,Apartment,2,2,47.0,Semi,5399000
West Jakarta,Apartment,3,2,69.9,No,5817000
South Jakarta,Apartment,3,2,61.2,Yes,8118000
West Jakarta,Boarding House,2,1,44.5,Semi,5026000
Central Jakarta,Apartment,2,2,56.6,Yes,7026000
South Jakarta,Studio,1,2,15.0,Semi,4570000
South Jakarta,Small House,1,1,73.3,No,4351000
West Jakarta,Boarding House,2,1,50.5,Semi,4450000
South Jakarta,Apartment,1,1,35.2,Semi,4907000
South Jakarta,Apartment,3,2,83.4,Semi,6774000
East Jakarta,Small House,3,2,79.2,Yes,6436000
South Jakarta,Boarding House,2,1,47.1,Yes,5005000
East Jakarta,Boarding House,2,2,42.1,Yes,4939000
West Jakarta,Apartment,3,3,81.2,Semi,5951000
East Jakarta,Apartment,2,2,53.2,Semi,5381000
South Jakarta,Studio,1,1,33.2,Semi,4122000
South Jakarta,Boarding House,2,2,55.6,No,4657000
South Jakarta,Studio,1,2,36.7,Yes,5337000
West Jakarta,Studio,1,2,31.6,Yes,4105000
South Jakarta,Boarding House,1,1,40.9,No,3980000
East Jakarta,Small House,2,3,88.3,Yes,6204000
North Jakarta,Boarding House,2,1,48.5,Yes,4346000
North Jakarta,Apartment,2,1,54.9,Semi,5147000
South Jakarta,Apartment,1,1,41.4,Yes,5595000
South Jakarta,Apartment,3,2,78.5,No,6357000
East Jakarta,Apartment,2,2,49.2,No,4929000
West Jakarta,Apartment,3,2,65.8,Semi,6199000
East Jakarta,Apartment,2,2,41.7,Semi,4866000
South Jakarta,Apartment,2,3,44.5,Semi,6927000
Central Jakarta,Small House,2,3,63.9,Yes,6946000
Central Jakarta,Small House,1,1,53.6,No,4762000
East Jakarta,Studio,1,1,46.2,No,3666000
Central Jakarta,Apartment,2,2,58.3,Semi,5877000
West Jakarta,Apartment,3,3,60.7,No,5906000
West Jakarta,Apartment,1,1,34.2,Yes,4891000
West Jakarta,Apartment,2,3,65.0,Semi,5519000
West Jakarta,Studio,1,1,41.0,Yes,4733000
East Jakarta,Boarding House,3,2,60.2,Semi,4697000
Central Jakarta,Apartment,2,3,50.5,No,5908000
East Jakarta,Small House,1,2,63.0,No,4168000
North Jakarta,Studio,1,1,24.1,No,4735000
South Jakarta,Studio,1,1,35.1,Yes,4654000
Central Jakarta,Apartment,3,3,86.2,Semi,6580000
South Jakarta,Studio,1,1,33.6,Semi,3806000
Central Jakarta,Apartment,3,3,61.8,No,7064000
West Jakarta,Small House,3,3,85.3,Yes,7596000
North Jakarta,Apartment,1,2,36.2,No,4136000
North Jakarta,Apartment,2,2,42.8,Yes,6337000
East Jakarta,Apartment,1,1,45.6,Yes,5275000
West Jakarta,Apartment,3,3,76.9,No,6310000
East Jakarta,Apartment,2,3,51.5,Semi,5420000
East Jakarta,Apartment,1,1,37.0,No,4117000
South Jakarta,Boarding House,1,1,24.3,Semi,4352000
South Jakarta,Studio,1,1,30.8,Yes,5053000
Central Jakarta,Apartment,1,1,35.5,Semi,4954000
West Jakarta,Boarding House,1,1,23.9,Yes,3772000
South Jakarta,Small House,1,2,69.1,Semi,6576000
West Jakarta,Apartment,2,1,57.7,No,5272000
West Jakarta,Apartment,3,3,72.6,Yes,7458000
East Jakarta,Studio,1,2,39.1,Semi,4286000
North Jakarta,Studio,1,1,38.2,No,3780000
South Jakarta,Studio,1,1,28.7,Semi,4485000
East Jakarta,Boarding House,3,2,62.2,Semi,5363000
North Jakarta,Apartment,1,1,37.8,Yes,5325000
Central Jakarta,Boarding House,1,1,35.5,No,4028000
South Jakarta,Studio,1,1,34.7,Yes,4633000
South Jakarta,Small House,3,2,78.9,Semi,6934000
Central Jakarta,Boarding House,1,1,21.4,No,3624000
East Jakarta,Studio,1,2,33.2,No,3448000
South Jakarta,Studio,1,1,30.4,Yes,6072000
South Jakarta,Studio,1,2,16.9,Semi,3751000
Central Jakarta,Small House,2,1,72.1,Semi,6498000
West Jakarta,Apartment,1,1,47.7,No,4141000
North Jakarta,Apartment,1,1,60.2,Semi,5063000
Central Jakarta,Apartment,1,1,36.9,Yes,6840000
West Jakarta,Boarding House,3,2,55.7,Semi,4709000
West Jakarta,Apartment,1,2,31.1,Yes,4875000
South Jakarta,Apartment,1,1,41.7,No,4912000
South Jakarta,Small House,3,3,83.6,No,6334000
South Jakarta,Studio,1,1,25.5,Semi,4777000
Central Jakarta,Boarding House,2,2,44.6,Yes,5252000
West Jakarta,Studio,1,1,16.2,No,3655000
East Jakarta,Apartment,2,2,61.4,Semi,4897000
South Jakarta,Small House,3,3,75.8,No,5762000
South Jakarta,Boarding House,2,3,45.7,Semi,5130000
East Jakarta,Boarding House,3,3,48.6,Semi,4229000
East Jakarta,Apartment,3,2,63.3,Yes,7063000
Central Jakarta,Apartment,2,2,51.8,Semi,5533000
West Jakarta,Apartment,1,1,39.9,Semi,4271000
South Jakarta,Apartment,3,3,71.8,Semi,7339000
West Jakarta,Apartment,1,2,51.5,No,4553000
East Jakarta,Apartment,1,2,45.9,No,3732000
South Jakarta,Apartment,2,1,61.7,Yes,7399000
East Jakarta,Apartment,3,2,79.6,No,5472000
North Jakarta,Apartment,1,2,44.6,Yes,5254000
South Jakarta,Studio,1,2,31.7,No,4267000
North Jakarta,Small House,3,3,90.1,Yes,7301000
South Jakarta,Boarding House,3,2,68.6,No,5733000
North Jakarta,Studio,1,1,37.2,Yes,4017000
West Jakarta,Boarding House,1,2,20.4,Semi,3460000
South Jakarta,Small House,2,2,61.3,No,5541000
South Jakarta,Apartment,1,1,37.8,Semi,5537000
Central Jakarta,Studio,1,2,38.2,Semi,4403000
South Jakarta,Studio,1,1,31.8,Semi,5401000
North Jakarta,Studio,1,2,41.1,No,3588000
South Jakarta,Boarding House,2,1,56.5,Yes,5383000
West Jakarta,Small House,3,3,91.6,Yes,6587000
West Jakarta,Studio,1,2,41.6,Semi,3805000
West Jakarta,Boarding House,3,3,51.7,Yes,5297000
Central Jakarta,Studio,1,1,35.9,No,3879000
North Jakarta,Apartment,3,2,63.1,No,5640000
South Jakarta,Boarding House,2,1,32.8,Semi,4120000
West Jakarta,Apartment,3,3,65.7,No,6506000
South Jakarta,Studio,1,1,42.6,No,3984000
Central Jakarta,Apartment,1,1,43.7,Semi,5004000
West Jakarta,Small House,2,2,84.1,No,5378000
East Jakarta,Apartment,3,3,69.4,No,6406000
South Jakarta,Apartment,1,2,59.6,Yes,6309000
North Jakarta,Studio,1,1,33.4,Semi,3877000
South Jakarta,Apartment,1,2,40.2,Yes,5218000
South Jakarta,Apartment,2,2,43.8,Semi,5464000
East Jakarta,Boarding House,1,1,40.9,Semi,2881000
North Jakarta,Boarding House,3,2,56.0,No,5286000
East Jakarta,Small House,3,2,76.8,Yes,6562000
North Jakarta,Boarding House,3,3,70.2,No,4787000
East Jakarta,Apartment,3,2,77.3,No,5627000
North Jakarta,Apartment,1,1,49.1,Yes,4832000
Central Jakarta,Apartment,2,2,51.1,Yes,6211000
East Jakarta,Apartment,1,1,39.6,Semi,4640000
South Jakarta,Small House,2,3,67.5,No,5846000
South Jakarta,Boarding House,2,3,52.3,No,5937000
East Jakarta,Small House,3,3,94.4,Semi,7022000
North Jakarta,Apartment,1,1,42.9,Yes,5682000
North Jakarta,Apartment,3,3,83.8,Semi,7070000
West Jakarta,Apartment,2,3,61.2,No,5471000
East Jakarta,Studio,1,1,30.1,No,3581000
East Jakarta,Apartment,2,2,60.6,Semi,5324000
West Jakarta,Apartment,2,2,67.6,Semi,6641000
Central Jakarta,Studio,1,1,48.0,No,4716000
Central Jakarta,Small House,3,3,91.5,No,7075000
East Jakarta,Studio,1,1,32.2,No,3407000
South Jakarta,Apartment,2,2,52.3,No,6564000
North Jakarta,Boarding House,1,1,36.6,Semi,2934000
South Jakarta,Studio,1,2,45.4,No,5434000
North Jakarta,Small House,3,3,85.5,Semi,6415000
South Jakarta,Boarding House,3,3,63.6,Yes,5773000
East Jakarta,Studio,1,1,32.4,Yes,3765000
Central Jakarta,Boarding House,2,3,43.4,Yes,4948000
South Jakarta,Boarding House,2,2,44.7,No,4939000
East Jakarta,Boarding House,2,2,47.1,No,3420000
North Jakarta,Boarding House,1,1,45.7,Semi,3819000
East Jakarta,Boarding House,1,1,30.1,Yes,4172000
Central Jakarta,Apartment,2,1,54.4,No,5397000
South Jakarta,Apartment,2,1,47.1,Semi,5697000
Central Jakarta,Boarding House,3,3,65.7,No,5207000
Central Jakarta,Small House,2,2,78.9,No,5886000
East Jakarta,Apartment,2,3,67.0,Yes,7374000
East Jakarta,Boarding House,2,2,47.6,Semi,4597000
East Jakarta,Apartment,3,3,72.6,Semi,6248000
North Jakarta,Boarding House,2,2,44.8,Yes,4521000
East Jakarta,Small House,2,2,72.2,No,5021000
East Jakarta,Studio,1,2,34.5,No,3670000
Central Jakarta,Apartment,3,3,68.5,Semi,7004000
West Jakarta,Apartment,3,2,69.1,Semi,6622000
South Jakarta,Apartment,1,1,43.6,Semi,4876000
North Jakarta,Apartment,2,2,51.6,No,4738000
Central Jakarta,Studio,1,1,30.1,Yes,5128000
South Jakarta,Apartment,3,3,81.7,No,6454000
East Jakarta,Apartment,1,2,61.7,Semi,5378000
Central Jakarta,Apartment,1,1,30.4,Semi,5160000
South Jakarta,Boarding House,1,1,21.9,Yes,3492000
North Jakarta,Boarding House,2,2,38.3,Semi,4329000
East Jakarta,Boarding House,1,2,31.2,Yes,3143000
West Jakarta,Boarding House,2,1,53.2,No,4389000
North Jakarta,Boarding House,3,3,64.7,Semi,5313000
West Jakarta,Apartment,3,3,69.4,Yes,7842000
North Jakarta,Boarding House,1,2,36.2,Semi,4274000
West Jakarta,Studio,1,2,26.5,Semi,3639000
South Jakarta,Apartment,1,2,38.0,Yes,4916000
South Jakarta,Apartment,3,3,67.8,No,6391000
West Jakarta,Small House,2,1,55.3,Semi,4616000
North Jakarta,Boarding House,2,2,36.7,Yes,5472000
West Jakarta,Studio,1,1,23.0,Yes,4230000
Central Jakarta,Apartment,2,1,60.1,Yes,6972000
West Jakarta,Apartment,1,1,42.0,Yes,5047000
East Jakarta,Boarding House,2,3,50.9,No,4095000
East Jakarta,Boarding House,3,3,45.3,Yes,5260000
North Jakarta,Apartment,1,2,28.1,Semi,5144000
West Jakarta,Apartment,2,1,59.3,Semi,5678000
South Jakarta,Apartment,2,1,31.8,Semi,5066000
Central Jakarta,Apartment,1,2,49.8,Yes,6866000
South Jakarta,Small House,1,2,39.4,Semi,5018000
North Jakarta,Boarding House,2,3,52.7,Yes,4954000
East Jakarta,Apartment,2,1,46.9,No,3391000
South Jakarta,Apartment,1,1,48.4,No,5327000
South Jakarta,Studio,1,1,57.7,Semi,5003000
North Jakarta,Studio,1,2,15.0,No,3505000
South Jakarta,Apartment,2,1,59.6,Semi,5861000
Central Jakarta,Apartment,3,3,53.5,No,6315000
West Jakarta,Small House,1,1,57.4,Semi,4587000
Central Jakarta,Apartment,2,1,52.3,No,5871000
West Jakarta,Apartment,1,2,41.0,No,4916000
Central Jakarta,Studio,1,1,24.7,Semi,4361000
South Jakarta,Apartment,1,1,46.2,No,5429000
South Jakarta,Boarding House,3,3,48.4,No,5346000
West Jakarta,Apartment,1,1,49.9,No,4342000
South Jakarta,Boarding House,1,2,28.7,No,3996000
North Jakarta,Boarding House,2,2,34.8,Semi,3604000
East Jakarta,Studio,1,1,44.8,No,3680000
South Jakarta,Boarding House,1,1,31.5,Semi,3392000
West Jakarta,Small House,1,1,69.3,Semi,4504000
North Jakarta,Apartment,3,2,77.8,Semi,5531000
West Jakarta,Studio,1,1,25.6,Semi,3802000
West Jakarta,Small House,1,1,53.3,No,5054000
North Jakarta,Small House,3,2,83.0,Yes,6581000
South Jakarta,Apartment,1,1,52.2,Semi,5749000
East Jakarta,Apartment,3,3,71.5,No,7056000
South Jakarta,Apartment,3,2,69.4,Yes,7471000
East Jakarta,Boarding House,3,3,58.4,Semi,4767000
West Jakarta,Apartment,1,2,39.6,Semi,4670000
West Jakarta,Studio,1,1,42.4,Yes,4584000
West Jakarta,Boarding House,2,1,46.0,No,3664000
Central Jakarta,Small House,2,2,64.8,Yes,6306000
North Jakarta,Boarding House,3,3,55.5,Semi,5702000
West Jakarta,Apartment,2,1,49.6,Semi,5824000
South Jakarta,Studio,1,2,20.8,No,3423000
East Jakarta,Small House,3,2,76.0,No,5190000
East Jakarta,Small House,3,2,94.0,Yes,6423000
South Jakarta,Apartment,1,2,38.3,No,5350000
South Jakarta,Boarding House,1,1,37.6,No,4362000
North Jakarta,Apartment,1,1,20.2,Semi,5499000
East Jakarta,Apartment,2,3,58.5,Yes,5854000
East Jakarta,Studio,1,1,30.7,No,3136000
North Jakarta,Studio,1,1,28.1,Yes,4492000
East Jakarta,Apartment,1,2,41.4,Semi,4379000
West Jakarta,Boarding House,3,3,56.0,Yes,5705000
South Jakarta,Studio,1,1,15.0,No,3653000
Central Jakarta,Apartment,1,1,47.4,No,3943000
East Jakarta,Apartment,1,1,41.9,Semi,4530000
North Jakarta,Apartment,2,1,51.5,No,4865000
South Jakarta,Studio,1,2,24.3,Semi,5149000
South Jakarta,Apartment,1,1,28.2,No,4681000
Central Jakarta,Apartment,2,1,55.8,Yes,5910000
North Jakarta,Boarding House,1,2,44.9,Yes,4232000
Central Jakarta,Small House,1,1,55.6,Yes,4780000
Central Jakarta,Studio,1,1,20.9,Yes,4252000
West Jakarta,Small House,3,3,83.8,Yes,7254000
Central Jakarta,Small House,1,2,53.6,Semi,5393000
South Jakarta,Boarding House,3,3,66.9,Semi,6480000
South Jakarta,Boarding House,2,2,50.9,Yes,4620000
West Jakarta,Boarding House,2,3,22.1,Yes,4599000
Central Jakarta,Boarding House,1,1,36.4,Yes,4461000
Central Jakarta,Boarding House,2,2,38.0,Yes,5804000
South Jakarta,Studio,1,1,20.6,No,4244000
Central Jakarta,Small House,2,2,66.5,Yes,6876000
East Jakarta,Apartment,1,1,43.3,Yes,5593000
West Jakarta,Boarding House,1,1,18.9,Semi,3194000
West Jakarta,Apartment,2,2,59.6,Yes,6764000
South Jakarta,Studio,1,2,38.1,Semi,4356000
South Jakarta,Apartment,1,1,40.4,Yes,5160000
Central Jakarta,Apartment,2,2,47.1,No,6126000
Central Jakarta,Apartment,3,3,60.2,Yes,6766000
North Jakarta,Apartment,2,2,62.2,No,5617000
Central Jakarta,Apartment,1,1,27.9,Semi,5168000
South Jakarta,Apartment,3,3,76.5,No,7370000
South Jakarta,Apartment,2,3,52.7,Semi,6331000
West Jakarta,Small House,3,2,81.2,No,5977000
South Jakarta,Studio,1,1,18.3,Yes,4879000
East Jakarta,Apartment,2,3,52.8,Semi,5263000
East Jakarta,Apartment,1,1,44.9,Yes,4611000
West Jakarta,Apartment,2,1,43.3,No,5113000
West Jakarta,Apartment,1,1,44.0,No,4449000
West Jakarta,Boarding House,3,3,60.7,Yes,5670000
South Jakarta,Small House,1,1,48.8,Yes,5462000
East Jakarta,Apartment,2,2,60.8,Semi,6203000
West Jakarta,Boarding House,1,2,15.0,Yes,3711000
West Jakarta,Studio,1,1,34.8,Yes,4234000
North Jakarta,Apartment,2,2,67.0,Semi,5027000
Central Jakarta,Apartment,3,3,79.5,Yes,7772000
South Jakarta,Studio,1,1,35.1,Yes,5248000
East Jakarta,Boarding House,2,2,43.6,Semi,4551000
Central Jakarta,Boarding House,1,1,26.9,Semi,4153000
Central Jakarta,Boarding House,2,3,43.6,No,5375000
Central Jakarta,Apartment,2,2,58.4,No,6319000
North Jakarta,Boarding House,1,2,25.5,Yes,4501000
Central Jakarta,Apartment,2,2,60.1,Yes,7214000
West Jakarta,Studio,1,1,49.1,Semi,5010000
Central Jakarta,Studio,1,1,31.5,Semi,4511000
Central Jakarta,Boarding House,1,2,21.2,No,3275000
South Jakarta,Small House,2,3,57.2,No,6089000
West Jakarta,Studio,1,1,38.2,Yes,4859000
South Jakarta,Apartment,1,2,39.5,Semi,6158000
South Jakarta,Boarding House,2,3,53.0,No,5591000
East Jakarta,Boarding House,1,1,27.7,Semi,4095000
Central Jakarta,Apartment,1,1,46.6,Semi,5739000
North Jakarta,Boarding House,2,3,44.7,Yes,5118000
South Jakarta,Boarding House,1,2,26.1,Yes,3987000
West Jakarta,Small House,3,3,78.8,Semi,6617000
East Jakarta,Studio,1,1,22.4,Semi,3275000
North Jakarta,Small House,3,3,97.9,Semi,6818000
West Jakarta,Studio,1,1,31.2,Semi,4007000
North Jakarta,Boarding House,3,2,65.2,No,5075000
South Jakarta,Studio,1,2,27.7,No,4245000
South Jakarta,Apartment,2,1,45.6,Yes,6611000
North Jakarta,Studio,1,1,30.1,Semi,2637000
West Jakarta,Apartment,1,1,48.8,Semi,4984000
East Jakarta,Apartment,3,3,63.8,No,6400000
West Jakarta,Studio,1,1,25.0,Yes,5112000
East Jakarta,Apartment,1,2,41.2,No,4662000
South Jakarta,Apartment,1,2,44.0,Semi,6290000
West Jakarta,Boarding House,1,1,45.1,Yes,4309000
South Jakarta,Small House,1,1,56.8,Semi,5244000
West Jakarta,Boarding House,3,2,65.2,Yes,5951000
Central Jakarta,Studio,1,1,37.8,No,4348000
Central Jakarta,Apartment,3,3,58.8,Yes,7066000
West Jakarta,Small House,2,2,60.3,Yes,5643000
Central Jakarta,Studio,1,1,23.3,Semi,3939000
West Jakarta,Apartment,2,3,43.3,Semi,5928000
East Jakarta,Small House,1,2,60.4,Semi,4732000
East Jakarta,Small House,1,2,56.3,Yes,4892000
East Jakarta,Apartment,2,3,54.6,Yes,5738000
West Jakarta,Boarding House,3,3,39.3,Yes,5694000
North Jakarta,Apartment,1,1,56.4,Yes,5687000
South Jakarta,Boarding House,2,1,38.8,Semi,4160000
Central Jakarta,Studio,1,2,48.4,Semi,4532000
Central Jakarta,Studio,1,1,20.4,No,4467000
East Jakarta,Boarding House,2,3,39.5,Yes,4102000
West Jakarta,Apartment,1,2,22.4,Yes,5289000
South Jakarta,Boarding House,1,1,34.9,Semi,4876000
North Jakarta,Apartment,2,3,45.2,No,6002000
Central Jakarta,Small House,2,3,59.4,Semi,6612000
Central Jakarta,Boarding House,1,1,21.0,Yes,4717000
North Jakarta,Apartment,1,1,46.2,Yes,6165000
South Jakarta,Boarding House,2,3,51.7,No,3940000
Central Jakarta,Apartment,3,3,82.5,No,6886000
North Jakarta,Apartment,1,1,34.5,Semi,4923000
North Jakarta,Apartment,2,1,55.8,No,4872000
South Jakarta,Small House,1,2,43.7,Yes,6184000
South Jakarta,Boarding House,1,1,29.3,Semi,4030000
West Jakarta,Small House,2,1,63.8,Semi,5379000
Central Jakarta,Small House,1,2,57.7,No,5105000
South Jakarta,Small House,1,1,62.1,Semi,5103000
West Jakarta,Apartment,3,2,75.9,Yes,6661000
East Jakarta,Small House,1,1,47.3,Semi,4393000
East Jakarta,Apartment,1,1,48.0,No,3885000
Central Jakarta,Apartment,3,3,67.6,No,7257000
South Jakarta,Apartment,2,3,51.4,Yes,7029000
West Jakarta,Apartment,1,2,34.3,Yes,5753000
North Jakarta,Apartment,2,3,49.5,No,4843000
West Jakarta,Apartment,2,1,67.9,Semi,4928000
South Jakarta,Studio,1,1,34.5,No,4188000
South Jakarta,Apartment,2,3,55.4,Semi,7712000
South Jakarta,Small House,2,2,65.9,No,6296000
East Jakarta,Boarding House,1,2,51.6,Yes,4019000
East Jakarta,Apartment,3,2,78.4,Yes,6843000
South Jakarta,Apartment,2,3,48.2,No,6256000
East Jakarta,Apartment,3,3,65.8,Semi,5629000
North Jakarta,Apartment,1,2,38.3,No,5095000
South Jakarta,Boarding House,1,1,33.2,Semi,4042000
South Jakarta,Apartment,3,3,62.4,No,6592000
Central Jakarta,Boarding House,3,3,63.5,No,5764000
East Jakarta,Boarding House,1,1,43.6,Yes,4420000
South Jakarta,Apartment,3,3,57.5,No,6205000
South Jakarta,Small House,1,1,45.0,Yes,4661000
Central Jakarta,Apartment,2,3,50.1,No,6208000
North Jakarta,Small House,1,1,50.5,Semi,3609000
South Jakarta,Boarding House,2,2,62.0,Semi,5170000
East Jakarta,Boarding House,3,3,68.0,Yes,6218000
Central Jakarta,Boarding House,3,3,67.6,No,6087000
North Jakarta,Small House,3,3,79.9,No,6517000
West Jakarta,Small House,1,1,51.7,Yes,5330000
West Jakarta,Apartment,3,3,56.4,Yes,7860000
North Jakarta,Boarding House,2,3,52.3,Semi,4486000
North Jakarta,Boarding House,2,1,49.9,No,4098000
West Jakarta,Apartment,3,3,78.3,No,6222000
South Jakarta,Small House,2,2,66.3,Yes,6914000
East Jakarta,Apartment,2,1,52.9,Semi,5094000
North Jakarta,Apartment,2,3,55.4,Semi,6580000
South Jakarta,Studio,1,1,39.1,No,4036000
South Jakarta,Apartment,3,2,56.2,No,6935000
East Jakarta,Small House,2,2,73.9,Yes,6087000
East Jakarta,Apartment,2,3,53.8,Yes,5964000
East Jakarta,Apartment,1,2,31.5,No,4402000
South Jakarta,Apartment,2,2,37.3,Yes,6379000
Central Jakarta,Apartment,3,3,66.9,Semi,7325000
North Jakarta,Boarding House,2,3,57.6,Semi,4753000
North Jakarta,Small House,1,1,67.4,Semi,4517000
East Jakarta,Studio,1,1,34.8,Yes,3996000
Central Jakarta,Apartment,3,3,83.7,Semi,6709000
West Jakarta,Apartment,1,1,39.7,Semi,5113000
East Jakarta,Boarding House,1,1,39.6,Yes,3277000
Central Jakarta,Apartment,2,1,50.4,No,5529000
North Jakarta,Apartment,2,3,49.9,Yes,6400000
South Jakarta,Apartment,1,1,34.6,Semi,5520000
East Jakarta,Apartment,3,3,51.5,Semi,5189000
North Jakarta,Apartment,3,3,78.3,Semi,6628000
South Jakarta,Apartment,2,3,48.9,Semi,6496000
West Jakarta,Boarding House,2,2,39.6,Semi,4426000
South Jakarta,Boarding House,1,1,22.6,Semi,4531000
South Jakarta,Apartment,3,2,66.4,Yes,6865000
South Jakarta,Boarding House,3,3,74.1,Yes,5672000
South Jakarta,Small House,2,3,84.8,Yes,7400000
North Jakarta,Studio,1,1,18.7,No,3065000
South Jakarta,Apartment,3,2,65.2,Semi,6022000
West Jakarta,Apartment,3,2,59.7,Semi,6144000
South Jakarta,Boarding House,1,1,39.9,No,4442000
South Jakarta,Apartment,3,3,70.3,Yes,6957000
Central Jakarta,Boarding House,3,3,54.9,Semi,7000000
West Jakarta,Apartment,3,3,68.6,No,5867000
East Jakarta,Apartment,2,2,50.2,No,4982000
West Jakarta,Small House,2,2,80.9,No,4948000
North Jakarta,Apartment,1,2,44.4,Semi,4957000
West Jakarta,Small House,2,1,73.4,Semi,5430000
Central Jakarta,Small House,1,1,32.7,Semi,4238000
East Jakarta,Small House,2,2,67.5,No,6226000
North Jakarta,Studio,1,2,48.7,No,3843000
West Jakarta,Boarding House,2,3,56.6,Yes,5106000
West Jakarta,Studio,1,1,17.2,No,3816000
West Jakarta,Apartment,1,1,37.5,Semi,5511000
South Jakarta,Small House,3,3,72.4,Semi,7370000
South Jakarta,Boarding House,2,2,59.7,Semi,4724000
West Jakarta,Apartment,3,2,70.0,Yes,6895000
Central Jakarta,Apartment,1,1,33.9,Semi,4383000
South Jakarta,Boarding House,3,3,60.3,Yes,6751000
North Jakarta,Boarding House,1,1,15.0,Yes,2854000
East Jakarta,Apartment,2,1,45.3,No,4274000
South Jakarta,Small House,2,3,68.3,No,5988000
Central Jakarta,Apartment,2,3,60.8,Semi,6804000
West Jakarta,Studio,1,1,16.5,Semi,3599000
West Jakarta,Boarding House,3,2,57.0,Semi,5849000
East Jakarta,Small House,1,2,62.1,No,4733000
North Jakarta,Apartment,3,2,56.4,No,5995000
North Jakarta,Apartment,1,1,41.8,Semi,4120000
North Jakarta,Studio,1,2,32.5,Semi,4890000
North Jakarta,Small House,1,1,67.7,Semi,4477000
North Jakarta,Apartment,3,2,66.2,Yes,7413000
Central Jakarta,Apartment,1,1,38.6,No,5875000
Central Jakarta,Small House,2,2,74.8,Semi,6568000
West Jakarta,Studio,1,2,21.4,Yes,4889000
South Jakarta,Apartment,3,3,66.2,Semi,5665000
Central Jakarta,Apartment,2,1,50.4,Semi,5889000
East Jakarta,Boarding House,3,2,58.9,Semi,5396000
South Jakarta,Apartment,3,3,74.8,No,7272000
South Jakarta,Apartment,3,2,72.4,Yes,6795000
West Jakarta,Studio,1,1,26.0,Semi,3756000
West Jakarta,Boarding House,1,1,33.1,Semi,2474000
West Jakarta,Boarding House,2,2,57.9,Semi,4918000
North Jakarta,Studio,1,1,25.3,Semi,2929000
South Jakarta,Apartment,1,1,41.2,No,5420000
East Jakarta,Small House,1,1,52.5,Yes,5296000
West Jakarta,Studio,1,1,31.5,Semi,3773000
South Jakarta,Apartment,3,2,55.0,No,6514000
South Jakarta,Apartment,2,1,65.3,Semi,6047000
East Jakarta,Apartment,1,1,33.8,Yes,4837000
East Jakarta,Apartment,3,2,76.2,Semi,5695000
West Jakarta,Apartment,3,2,63.0,Semi,6555000
North Jakarta,Apartment,3,3,63.0,Semi,5655000
Central Jakarta,Apartment,3,2,77.7,Yes,6715000
North Jakarta,Boarding House,3,3,68.0,Semi,5428000
Central Jakarta,Apartment,1,1,41.7,Yes,5675000
West Jakarta,Studio,1,1,38.1,No,3878000
East Jakarta,Small House,2,2,65.7,Yes,5380000
West Jakarta,Studio,1,2,31.9,Yes,5463000
South Jakarta,Boarding House,2,1,40.7,Semi,4775000
South Jakarta,Apartment,2,1,61.2,Semi,6177000
West Jakarta,Boarding House,2,1,40.5,No,3937000
East Jakarta,Apartment,3,3,79.9,Semi,6949000
North Jakarta,Apartment,1,2,37.5,No,4724000
North Jakarta,Apartment,1,2,40.2,No,4712000
West Jakarta,Studio,1,1,38.1,Yes,4836000
South Jakarta,Apartment,3,3,68.2,No,5916000
West Jakarta,Boarding House,2,2,43.6,Semi,3671000
West Jakarta,Boarding House,2,1,45.8,No,3909000
West Jakarta,Studio,1,1,39.2,Semi,4036000
North Jakarta,Small House,2,2,62.7,Semi,5679000
North Jakarta,Boarding House,2,1,45.0,Semi,4189000
East Jakarta,Small House,1,2,54.1,Semi,4875000
South Jakarta,Boarding House,1,2,38.9,Yes,4280000
South Jakarta,Boarding House,3,2,59.2,Semi,5701000
South Jakarta,Apartment,2,3,68.5,Yes,6439000
South Jakarta,Boarding House,1,1,30.7,Semi,4248000
South Jakarta,Small House,2,3,66.1,Semi,5455000
Central Jakarta,Studio,1,2,30.6,No,4598000
Central Jakarta,Apartment,1,1,29.5,No,4139000
North Jakarta,Studio,1,1,23.7,Yes,3974000
South Jakarta,Small House,3,2,77.8,Semi,7142000
North Jakarta,Apartment,1,2,49.1,Semi,5126000
West Jakarta,Boarding House,1,1,31.7,Yes,3251000
South Jakarta,Small House,2,1,64.1,No,5172000
West Jakarta,Small House,2,1,77.8,Yes,5295000
West Jakarta,Studio,1,1,44.4,Semi,3457000
Central Jakarta,Boarding House,3,2,70.0,Yes,6454000
Central Jakarta,Small House,1,1,47.2,No,5071000
North Jakarta,Studio,1,1,28.0,No,3673000
West Jakarta,Boarding House,1,1,46.5,Semi,4128000
South Jakarta,Apartment,2,1,55.9,No,5621000
South Jakarta,Boarding House,1,1,29.9,Yes,4334000
South Jakarta,Apartment,1,2,45.7,Semi,5081000
South Jakarta,Apartment,3,2,76.1,No,6461000
West Jakarta,Studio,1,1,27.4,No,2969000
North Jakarta,Studio,1,1,33.8,Yes,3947000
East Jakarta,Studio,1,1,39.4,Semi,3869000
East Jakarta,Boarding House,3,3,50.7,Yes,5320000
South Jakarta,Apartment,3,3,68.1,No,8115000
Central Jakarta,Apartment,2,1,45.1,Yes,5676000
North Jakarta,Boarding House,3,3,52.1,Semi,5142000
West Jakarta,Boarding House,2,2,41.5,Semi,3796000
Central Jakarta,Apartment,1,1,43.8,Semi,5234000
West Jakarta,Small House,1,1,51.4,No,4139000
East Jakarta,Apartment,1,1,34.8,Yes,5127000
South Jakarta,Boarding House,1,1,32.4,Yes,4301000
East Jakarta,Studio,1,1,22.8,Semi,3445000
East Jakarta,Boarding House,1,2,35.4,Yes,3784000
West Jakarta,Small House,2,1,77.1,No,4576000
North Jakarta,Small House,1,2,53.4,No,4157000
South Jakarta,Apartment,2,2,52.4,No,5611000
South Jakarta,Boarding House,2,3,49.0,Semi,5325000
Central Jakarta,Apartment,3,3,51.8,No,6793000
North Jakarta,Boarding House,2,2,50.3,Semi,4390000
West Jakarta,Boarding House,3,3,84.8,No,5423000
Central Jakarta,Small House,2,2,67.0,Yes,5822000
South Jakarta,Apartment,1,1,39.0,Yes,5866000
Central Jakarta,Studio,1,1,37.9,Semi,4390000
Central Jakarta,Apartment,2,2,67.2,No,6485000
South Jakarta,Studio,1,1,39.8,Yes,5629000
South Jakarta,Apartment,2,3,36.8,No,5637000
North Jakarta,Apartment,2,2,58.5,Yes,5583000
West Jakarta,Boarding House,1,1,52.6,Semi,3959000
East Jakarta,Apartment,1,2,45.0,Semi,4907000
South Jakarta,Studio,1,1,22.8,No,3838000
East Jakarta,Studio,1,1,34.3,Yes,3883000
South Jakarta,Small House,1,1,43.8,Yes,5661000
South Jakarta,Boarding House,3,3,69.9,Semi,6341000
North Jakarta,Studio,1,2,24.4,Yes,4223000
West Jakarta,Studio,1,2,32.6,Yes,3882000
West Jakarta,Apartment,3,3,61.1,No,6316000
East Jakarta,Apartment,2,3,49.6,Yes,5558000
East Jakarta,Apartment,3,3,79.9,Semi,6594000
Central Jakarta,Apartment,2,3,54.8,Semi,6565000
South Jakarta,Small House,2,2,63.5,No,4833000
North Jakarta,Apartment,1,1,30.8,Yes,4912000
East Jakarta,Boarding House,1,1,17.0,Yes,3658000
North Jakarta,Studio,1,1,22.0,No,3653000
South Jakarta,Small House,3,3,82.9,Semi,7105000
East Jakarta,Small House,3,2,89.8,Semi,5267000
West Jakarta,Boarding House,3,2,55.5,Yes,6114000
North Jakarta,Apartment,2,3,66.6,Yes,6593000
West Jakarta,Apartment,2,3,48.3,Semi,5237000
East Jakarta,Boarding House,2,3,44.1,Semi,4049000
South Jakarta,Boarding House,3,2,51.4,Semi,5669000
South Jakarta,Apartment,1,1,47.9,Semi,5689000
East Jakarta,Apartment,1,1,56.8,Semi,4522000
South Jakarta,Apartment,3,3,53.9,No,6852000
North Jakarta,Boarding House,2,2,43.2,No,3211000
South Jakarta,Boarding House,2,3,56.1,Semi,4951000
South Jakarta,Boarding House,3,3,48.4,Yes,5203000
West Jakarta,Boarding House,3,3,64.5,Semi,5118000
South Jakarta,Apartment,1,1,49.8,No,5745000
South Jakarta,Apartment,2,3,54.6,Yes,7719000
Central Jakarta,Studio,1,1,36.4,Yes,5181000
Central Jakarta,Boarding House,3,3,74.1,Semi,6006000
East Jakarta,Apartment,3,3,83.6,No,6115000
East Jakarta,Apartment,2,2,53.5,Semi,5566000
East Jakarta,Apartment,3,3,63.7,Semi,5504000
Central Jakarta,Apartment,2,2,46.6,Semi,5872000
West Jakarta,Apartment,3,3,75.8,No,7020000
West Jakarta,Apartment,2,2,43.0,No,4644000
East Jakarta,Studio,1,1,30.0,Semi,3323000
North Jakarta,Boarding House,2,1,46.8,Yes,4619000
West Jakarta,Apartment,3,3,64.0,Semi,6639000
East Jakarta,Apartment,2,1,56.2,No,4551000
Central Jakarta,Apartment,1,1,60.5,Semi,5744000
West Jakarta,Boarding House,1,2,31.0,Yes,4472000
Central Jakarta,Apartment,2,2,50.5,No,6732000
West Jakarta,Boarding House,3,3,68.1,Semi,5529000
East Jakarta,Small House,2,1,69.9,Semi,5110000
North Jakarta,Boarding House,2,3,57.5,Semi,5533000
West Jakarta,Apartment,3,3,69.3,Yes,6761000
South Jakarta,Boarding House,2,2,44.0,Yes,4786000
East Jakarta,Apartment,3,2,53.7,No,5570000
North Jakarta,Apartment,2,1,41.0,No,5243000
South Jakarta,Apartment,3,2,53.3,No,6412000
West Jakarta,Apartment,3,3,71.0,No,6245000
South Jakarta,Studio,1,2,21.1,Semi,3868000
West Jakarta,Apartment,1,1,50.0,Yes,5295000
North Jakarta,Studio,1,1,32.2,Yes,4855000
South Jakarta,Apartment,1,2,38.0,No,4519000
East Jakarta,Apartment,2,2,47.2,Semi,5130000
Central Jakarta,Small House,1,1,59.0,No,4857000
South Jakarta,Studio,1,1,25.6,Semi,4066000
North Jakarta,Boarding House,2,1,38.1,No,3818000
South Jakarta,Apartment,1,1,49.5,Yes,6011000
South Jakarta,Studio,1,1,34.8,Yes,5142000
North Jakarta,Apartment,2,3,52.1,No,4959000
North Jakarta,Studio,1,2,37.1,Semi,3468000
West Jakarta,Apartment,3,2,68.1,Semi,6483000
South Jakarta,Apartment,3,3,71.1,Yes,7311000
South Jakarta,Apartment,3,3,61.5,Semi,7794000
South Jakarta,Apartment,1,2,56.6,No,6256000
West Jakarta,Studio,1,2,27.4,Semi,5028000
West Jakarta,Studio,1,1,44.4,No,3447000
North Jakarta,Studio,1,1,30.5,Semi,4125000
North Jakarta,Apartment,1,1,46.5,No,4798000
East Jakarta,Apartment,2,1,59.9,Semi,5589000
North Jakarta,Apartment,3,2,77.2,Yes,6670000
East Jakarta,Apartment,1,1,33.3,No,4545000
East Jakarta,Studio,1,1,40.6,Semi,3851000
East Jakarta,Small House,2,2,82.8,Yes,6038000
South Jakarta,Studio,1,1,29.9,No,3417000
South Jakarta,Studio,1,1,32.3,Semi,4791000
West Jakarta,Studio,1,1,27.8,Semi,3803000
South Jakarta,Small House,1,2,51.2,Semi,5571000
West Jakarta,Boarding House,1,1,45.7,Yes,4348000
West Jakarta,Boarding House,1,1,24.0,Semi,3533000
South Jakarta,Small House,1,2,46.5,Semi,5256000
South Jakarta,Studio,1,2,44.9,No,4952000
West Jakarta,Small House,3,3,87.0,No,6186000
East Jakarta,Apartment,2,1,71.0,No,4442000
North Jakarta,Boarding House,1,1,28.4,Yes,4087000
West Jakarta,Apartment,2,3,55.0,Yes,5936000
Central Jakarta,Apartment,3,3,62.7,Yes,6893000
West Jakarta,Small House,1,1,55.1,No,3903000
East Jakarta,Studio,1,2,17.8,Semi,3788000
East Jakarta,Small House,2,2,73.5,Yes,5769000
Central Jakarta,Apartment,1,1,42.6,Semi,4427000
East Jakarta,Boarding House,2,2,45.5,No,3687000
Central Jakarta,Small House,2,3,64.9,Yes,7304000
South Jakarta,Studio,1,1,24.8,No,3814000
North Jakarta,Small House,3,3,87.8,No,6116000
West Jakarta,Apartment,2,3,44.6,Yes,6583000
Central Jakarta,Boarding House,1,1,36.1,Semi,4628000
South Jakarta,Studio,1,1,48.6,Semi,5255000
South Jakarta,Apartment,2,1,65.9,Semi,4908000
North Jakarta,Boarding House,3,3,48.0,Yes,6303000
North Jakarta,Apartment,1,2,35.7,No,4719000
Central Jakarta,Studio,1,1,35.4,Yes,6164000
Central Jakarta,Apartment,3,3,67.4,Semi,6822000
East Jakarta,Small House,2,2,56.8,No,3969000
West Jakarta,Studio,1,1,35.1,Semi,4055000
North Jakarta,Boarding House,1,1,31.9,Semi,3371000
East Jakarta,Small House,2,2,83.3,No,5534000
Central Jakarta,Studio,1,1,30.0,Semi,5043000
East Jakarta,Studio,1,2,41.3,Semi,4045000
West Jakarta,Boarding House,1,1,21.9,Semi,3305000
South Jakarta,Studio,1,2,23.8,Yes,5203000
South Jakarta,Apartment,3,2,73.8,Yes,7253000
South Jakarta,Boarding House,1,1,40.7,Semi,4099000
East Jakarta,Apartment,2,1,46.3,Semi,5471000
East Jakarta,Apartment,1,1,40.2,Semi,5010000
North Jakarta,Boarding House,2,3,34.9,Semi,4927000
North Jakarta,Apartment,1,1,38.6,No,4188000
South Jakarta,Apartment,1,1,46.7,No,4048000
Central Jakarta,Apartment,3,3,64.5,No,6705000
East Jakarta,Small House,1,1,52.0,Semi,4015000
North Jakarta,Boarding House,3,2,51.0,Yes,5299000
West Jakarta,Apartment,2,2,48.8,Semi,5267000
South Jakarta,Apartment,2,2,68.1,Semi,6406000
South Jakarta,Studio,1,1,32.6,Semi,4039000
Central Jakarta,Apartment,2,1,46.0,Semi,5321000
East Jakarta,Studio,1,1,29.5,Semi,4201000
West Jakarta,Small House,3,3,69.2,Semi,5870000
East Jakarta,Apartment,3,2,59.9,Yes,6318000
East Jakarta,Boarding House,1,1,42.9,No,3571000
East Jakarta,Studio,1,1,30.9,Semi,4087000
South Jakarta,Apartment,1,1,55.1,Semi,5870000
West Jakarta,Apartment,3,3,67.2,Yes,7107000
East Jakarta,Apartment,1,2,39.7,Yes,5381000
East Jakarta,Boarding House,1,1,37.1,Yes,4406000
South Jakarta,Small House,3,3,60.6,Semi,6842000
North Jakarta,Small House,3,3,83.6,No,5289000
Central Jakarta,Studio,1,1,31.6,Semi,4351000
North Jakarta,Boarding House,2,1,57.9,Yes,5125000
Central Jakarta,Studio,1,1,39.7,Yes,4853000
Central Jakarta,Small House,2,2,58.9,Yes,7180000
South Jakarta,Apartment,2,2,63.9,No,5962000
Central Jakarta,Apartment,3,2,65.9,Yes,7365000
Central Jakarta,Studio,1,1,24.8,Yes,5372000
Central Jakarta,Studio,1,1,33.6,Semi,4542000
South Jakarta,Apartment,3,3,66.4,Semi,7134000
East Jakarta,Small House,3,3,94.3,Semi,6862000
Central Jakarta,Boarding House,1,2,34.7,Semi,3803000
East Jakarta,Small House,3,2,83.6,No,5567000
East Jakarta,Studio,1,1,39.2,No,3849000
West Jakarta,Apartment,1,1,48.7,Yes,5327000
Central Jakarta,Apartment,3,3,74.3,Yes,8357000
North Jakarta,Apartment,3,3,79.4,Yes,6379000
East Jakarta,Apartment,2,2,58.9,Semi,4689000
South Jakarta,Apartment,2,1,55.3,No,5963000
East Jakarta,Apartment,2,3,63.9,No,5800000
Central Jakarta,Apartment,3,3,67.3,Yes,7484000
South Jakarta,Apartment,3,2,68.3,Semi,7049000
East Jakarta,Boarding House,3,3,73.8,Yes,6123000
West Jakarta,Studio,1,1,45.0,Semi,3863000
East Jakarta,Small House,1,2,53.9,Semi,4293000
South Jakarta,Apartment,3,3,64.4,Yes,7504000
East Jakarta,Boarding House,1,1,43.7,No,3564000
South Jakarta,Boarding House,1,2,38.4,Yes,4307000
West Jakarta,Boarding House,1,2,34.5,Semi,3772000
West Jakarta,Boarding House,3,3,57.4,No,4934000
West Jakarta,Small House,2,1,70.7,No,5280000
East Jakarta,Boarding House,1,2,31.8,Yes,3909000
Central Jakarta,Apartment,1,1,34.7,Semi,4999000
Central Jakarta,Studio,1,1,33.0,Yes,5576000
West Jakarta,Boarding House,3,3,62.1,Yes,5636000
West Jakarta,Studio,1,2,29.0,Semi,4030000
East Jakarta,Apartment,2,2,61.2,Yes,5176000
South Jakarta,Studio,1,1,42.3,Yes,4760000
North Jakarta,Apartment,3,3,75.8,No,6506000
Central Jakarta,Studio,1,1,29.8,Yes,5100000
East Jakarta,Boarding House,1,2,38.0,No,3545000
South Jakarta,Boarding House,3,2,60.6,Semi,5979000
South Jakarta,Boarding House,2,2,36.1,Semi,5780000
North Jakarta,Apartment,3,2,73.4,Yes,6424000
North Jakarta,Apartment,1,2,41.2,No,3802000
North Jakarta,Apartment,1,2,60.7,Semi,4761000
West Jakarta,Apartment,3,3,79.7,Semi,6477000
West Jakarta,Boarding House,3,3,65.7,No,4754000
East Jakarta,Apartment,1,2,42.0,Yes,5138000
West Jakarta,Small House,3,3,83.3,Yes,7523000
East Jakarta,Studio,1,2,24.0,No,4114000
South Jakarta,Boarding House,3,2,46.1,No,5347000
South Jakarta,Apartment,1,1,33.0,Yes,6478000
East Jakarta,Apartment,1,2,39.6,No,4143000
East Jakarta,Boarding House,3,2,43.2,No,3532000
Central Jakarta,Studio,1,2,27.6,Yes,5612000
Central Jakarta,Boarding House,1,1,30.0,Yes,3733000
South Jakarta,Apartment,1,2,38.3,Semi,5089000
South Jakarta,Studio,1,1,26.7,Semi,4635000
West Jakarta,Studio,1,2,29.3,Yes,4521000
South Jakarta,Boarding House,3,3,73.8,Semi,6102000
East Jakarta,Apartment,3,2,73.3,Semi,5628000
East Jakarta,Small House,3,3,77.5,Yes,6550000
South Jakarta,Boarding House,1,2,31.5,Semi,4758000
South Jakarta,Boarding House,1,1,31.8,Semi,4101000
West Jakarta,Apartment,3,3,61.9,Semi,6100000
South Jakarta,Boarding House,1,1,25.8,Semi,3424000
West Jakarta,Small House,2,2,76.1,Semi,5395000
South Jakarta,Studio,1,1,28.6,Semi,4612000
East Jakarta,Apartment,3,3,59.2,Semi,6281000
Central Jakarta,Apartment,1,2,39.7,Yes,5594000
Central Jakarta,Apartment,3,3,68.9,Semi,6206000
West Jakarta,Boarding House,3,2,44.2,No,4775000
North Jakarta,Apartment,1,1,39.7,No,3880000
South Jakarta,Apartment,2,2,60.9,No,6247000
West Jakarta,Apartment,1,2,43.6,Yes,5085000
North Jakarta,Studio,1,2,49.8,Semi,3993000
South Jakarta,Apartment,1,1,50.0,No,5139000
South Jakarta,Small House,1,2,65.6,Yes,7082000
North Jakarta,Boarding House,2,1,68.4,No,4588000
Central Jakarta,Apartment,2,1,60.1,No,5862000
West Jakarta,Boarding House,1,1,33.3,Yes,4181000
South Jakarta,Studio,1,2,39.8,Semi,4068000
West Jakarta,Apartment,1,1,35.5,Yes,4554000
East Jakarta,Apartment,3,3,68.9,Yes,5570000
West Jakarta,Small House,2,3,62.8,Yes,6919000
Central Jakarta,Boarding House,1,2,35.2,No,4811000
West Jakarta,Boarding House,1,2,26.8,Yes,4299000
South Jakarta,Studio,1,1,26.5,Yes,4858000
West Jakarta,Apartment,1,1,43.3,No,3751000
Central Jakarta,Boarding House,3,3,58.9,Yes,6321000
North Jakarta,Apartment,2,3,38.6,Semi,6311000
West Jakarta,Small House,1,1,42.4,Yes,4942000
West Jakarta,Boarding House,1,1,22.8,Semi,3177000
Central Jakarta,Apartment,1,1,32.9,Semi,4422000
West Jakarta,Boarding House,3,2,63.3,No,5551000
West Jakarta,Small House,2,2,69.8,Yes,6014000
South Jakarta,Apartment,2,1,62.5,Semi,5305000
West Jakarta,Boarding House,1,1,38.0,No,2938000
North Jakarta,Small House,3,3,90.6,No,5665000
North Jakarta,Apartment,1,1,44.9,Yes,5068000
Central Jakarta,Small House,2,2,69.7,No,5987000
Central Jakarta,Studio,1,1,40.8,Semi,4528000
Central Jakarta,Boarding House,3,3,67.4,Semi,6522000
South Jakarta,Boarding House,2,2,49.0,No,4758000
Central Jakarta,Boarding House,3,2,70.2,Semi,6481000
North Jakarta,Apartment,1,1,21.2,No,3791000
East Jakarta,Boarding House,3,3,57.7,Yes,6869000
East Jakarta,Studio,1,2,29.6,Yes,4018000
South Jakarta,Apartment,2,2,63.2,No,5571000
North Jakarta,Apartment,1,2,52.6,Semi,4624000
Central Jakarta,Apartment,3,2,56.4,Semi,6660000
South Jakarta,Apartment,3,2,79.3,Yes,6693000
West Jakarta,Apartment,3,3,58.6,Semi,6548000
North Jakarta,Small House,1,1,44.9,Semi,3570000
South Jakarta,Apartment,2,2,52.1,Yes,6601000
East Jakarta,Apartment,3,2,65.5,No,5060000
West Jakarta,Apartment,2,1,41.5,Semi,5046000
North Jakarta,Apartment,3,3,73.2,No,6500000
South Jakarta,Boarding House,3,3,65.4,Semi,7075000
South Jakarta,Apartment,1,2,48.4,Semi,5127000
North Jakarta,Studio,1,2,28.5,Yes,4386000
South Jakarta,Small House,1,1,53.7,Semi,4861000
South Jakarta,Boarding House,2,2,45.8,No,4272000
South Jakarta,Boarding House,2,1,59.5,Yes,5119000
Central Jakarta,Small House,3,2,59.3,Yes,7279000
West Jakarta,Small House,3,2,74.3,Semi,5959000
West Jakarta,Apartment,2,3,54.0,Yes,7295000
Central Jakarta,Boarding House,2,1,37.3,No,4579000
North Jakarta,Boarding House,2,2,43.9,Semi,3926000
South Jakarta,Apartment,2,3,53.0,No,5849000
West Jakarta,Apartment,2,3,48.7,No,5076000
South Jakarta,Studio,1,1,32.5,Yes,5265000
South Jakarta,Boarding House,3,2,65.0,Yes,5473000
South Jakarta,Boarding House,3,3,58.1,No,4953000
North Jakarta,Boarding House,1,1,28.4,No,2815000
North Jakarta,Apartment,2,1,52.7,Yes,6025000
South Jakarta,Apartment,2,3,53.9,No,6586000
West Jakarta,Apartment,2,3,40.1,No,5903000
South Jakarta,Apartment,2,1,57.7,No,5897000
South Jakarta,Small House,3,2,78.4,No,6364000
South Jakarta,Small House,2,1,78.1,No,6083000
East Jakarta,Small House,1,2,58.7,Yes,4582000
South Jakarta,Small House,2,1,77.4,Semi,5232000
West Jakarta,Small House,3,3,73.9,Semi,6587000
West Jakarta,Apartment,1,2,37.0,Yes,4854000
South Jakarta,Studio,1,1,22.1,Semi,4288000
Central Jakarta,Studio,1,1,26.4,Yes,4948000
West Jakarta,Apartment,1,2,50.0,Semi,5252000
East Jakarta,Apartment,2,3,65.9,Semi,6218000
South Jakarta,Studio,1,1,22.8,Semi,4705000
West Jakarta,Small House,1,1,50.3,Yes,5114000
South Jakarta,Apartment,2,2,53.4,Yes,6352000
East Jakarta,Small House,1,1,58.7,Yes,4925000
West Jakarta,Boarding House,1,1,17.9,No,2724000
East Jakarta,Boarding House,1,2,19.2,Semi,3197000
North Jakarta,Boarding House,1,1,35.9,Yes,5145000
South Jakarta,Apartment,2,2,38.4,No,5613000
East Jakarta,Boarding House,2,1,42.4,Yes,4536000
Central Jakarta,Apartment,1,1,41.3,No,4696000
North Jakarta,Small House,3,2,85.3,No,6385000
South Jakarta,Apartment,3,3,66.9,Yes,7806000
North Jakarta,Apartment,1,1,37.1,No,4583000
South Jakarta,Boarding House,3,3,66.8,Semi,6158000
Central Jakarta,Boarding House,1,1,34.3,Semi,4702000
Central Jakarta,Apartment,2,2,48.8,Yes,7141000
East Jakarta,Boarding House,2,2,46.3,Semi,4351000
South Jakarta,Studio,1,1,35.1,Semi,4500000
Central Jakarta,Boarding House,3,3,73.7,Yes,7090000
East Jakarta,Apartment,3,2,74.3,Semi,5770000
North Jakarta,Apartment,1,1,49.7,Yes,4892000
South Jakarta,Studio,1,2,27.1,Yes,5004000
South Jakarta,Apartment,3,3,63.8,Semi,6225000
Central Jakarta,Apartment,3,3,66.1,Yes,7923000
East Jakarta,Apartment,3,3,66.9,Semi,5830000
West Jakarta,Apartment,2,2,45.9,No,4955000
North Jakarta,Apartment,1,1,50.1,No,4376000
South Jakarta,Apartment,2,3,61.1,Semi,6527000
South Jakarta,Studio,1,1,29.6,No,3947000
West Jakarta,Boarding House,3,3,65.1,Semi,5502000
West Jakarta,Small House,3,3,83.8,Semi,6541000
East Jakarta,Apartment,3,2,73.8,Semi,5966000
South Jakarta,Small House,2,3,57.2,No,5442000
South Jakarta,Studio,1,1,30.8,Yes,5362000
North Jakarta,Studio,1,1,31.5,Semi,2941000
North Jakarta,Boarding House,2,1,51.0,No,3845000
North Jakarta,Boarding House,3,3,55.0,Semi,5039000
West Jakarta,Small House,2,1,48.0,Semi,5222000
South Jakarta,Studio,1,1,23.3,Semi,3686000
North Jakarta,Boarding House,1,2,31.5,Semi,3482000
South Jakarta,Apartment,3,2,68.5,No,6477000
Central Jakarta,Apartment,2,2,67.5,Yes,7386000
East Jakarta,Studio,1,2,36.7,Semi,4149000
South Jakarta,Small House,2,3,68.7,No,5463000
South Jakarta,Studio,1,1,31.7,Yes,4672000
North Jakarta,Boarding House,1,2,40.8,Semi,4274000
South Jakarta,Boarding House,3,3,55.3,Semi,5315000
South Jakarta,Boarding House,3,3,58.9,Semi,5884000
West Jakarta,Boarding House,3,2,51.3,Semi,5059000
South Jakarta,Small House,1,2,65.4,Semi,5443000
Central Jakarta,Apartment,1,1,43.1,No,6260000
East Jakarta,Studio,1,2,26.3,No,3278000
East Jakarta,Apartment,1,1,39.1,Yes,5026000
West Jakarta,Apartment,2,1,58.1,Semi,5171000
West Jakarta,Studio,1,1,30.0,Semi,4197000
North Jakarta,Apartment,3,3,63.7,No,6449000
Central Jakarta,Apartment,3,2,62.8,Yes,7005000
South Jakarta,Studio,1,1,34.7,No,4170000
South Jakarta,Studio,1,1,29.1,No,3692000
East Jakarta,Small House,2,3,64.4,No,4604000
West Jakarta,Apartment,3,3,57.3,Yes,7258000
East Jakarta,Small House,3,3,82.6,Semi,5998000
South Jakarta,Small House,1,1,52.6,No,3730000
South Jakarta,Studio,1,1,29.4,No,4894000
Central Jakarta,Boarding House,2,2,47.6,Semi,4786000
South Jakarta,Boarding House,1,1,38.0,Semi,4093000
South Jakarta,Boarding House,2,1,51.6,Semi,5637000
West Jakarta,Studio,1,1,36.4,No,3662000
Central Jakarta,Apartment,1,2,38.1,Yes,5852000
West Jakarta,Studio,1,1,27.5,Yes,3762000
West Jakarta,Boarding House,3,2,51.6,Semi,4334000
Central Jakarta,Small House,3,2,77.3,No,6406000
North Jakarta,Boarding House,1,2,32.2,Semi,3882000
South Jakarta,Boarding House,3,2,53.7,Semi,5744000
East Jakarta,Small House,3,2,82.8,No,5463000
North Jakarta,Boarding House,3,3,52.3,No,4860000
Central Jakarta,Studio,1,1,18.7,Yes,3930000
East Jakarta,Small House,2,2,74.6,Semi,5639000
North Jakarta,Apartment,3,3,64.2,Yes,6888000
South Jakarta,Studio,1,1,25.3,Semi,5264000
South Jakarta,Apartment,2,2,45.2,Semi,6008000
South Jakarta,Small House,1,2,57.4,No,4699000
Central Jakarta,Apartment,1,1,51.0,Semi,5515000
South Jakarta,Apartment,1,1,36.8,No,4684000
North Jakarta,Studio,1,2,30.3,Semi,4281000
North Jakarta,Studio,1,2,40.6,No,3932000
Central Jakarta,Studio,1,1,17.5,Semi,3768000
East Jakarta,Boarding House,3,2,75.7,Semi,4467000
West Jakarta,Small House,2,3,87.6,No,5954000
North Jakarta,Studio,1,1,15.0,No,3862000
Central Jakarta,Apartment,3,3,67.2,Yes,7606000
North Jakarta,Apartment,2,1,48.2,No,5254000
East Jakarta,Studio,1,2,29.9,No,3984000
Central Jakarta,Apartment,1,2,36.7,Semi,5620000
Central Jakarta,Boarding House,2,2,52.5,Semi,4868000
East Jakarta,Boarding House,1,1,31.1,Semi,3368000
Central Jakarta,Apartment,2,2,46.7,No,6324000
South Jakarta,Apartment,3,3,66.6,Semi,7298000
North Jakarta,Studio,1,2,36.1,Semi,4527000
South Jakarta,Studio,1,1,22.5,Semi,4117000
South Jakarta,Small House,3,3,68.8,Yes,7108000
South Jakarta,Boarding House,3,3,75.9,Yes,6574000
Central Jakarta,Small House,2,1,62.9,No,5528000
North Jakarta,Small House,1,2,52.9,Semi,5318000
West Jakarta,Boarding House,3,2,56.8,No,3756000
West Jakarta,Small House,1,2,58.4,No,4655000
West Jakarta,Apartment,3,2,82.2,Semi,6584000
North Jakarta,Studio,1,1,36.6,Semi,3362000
Central Jakarta,Studio,1,1,19.9,Semi,4680000
North Jakarta,Studio,1,1,20.9,No,3021000
East Jakarta,Studio,1,1,28.8,No,3128000
East Jakarta,Apartment,1,1,37.9,Yes,5633000
North Jakarta,Boarding House,1,1,18.2,Yes,4103000
East Jakarta,Boarding House,2,3,52.6,No,4465000
North Jakarta,Apartment,2,1,45.3,Semi,5357000
Central Jakarta,Studio,1,1,43.9,Semi,4737000
East Jakarta,Boarding House,2,3,60.6,Semi,5600000
South Jakarta,Apartment,3,2,66.0,Semi,7189000
South Jakarta,Studio,1,1,35.5,Yes,4622000
North Jakarta,Apartment,1,2,30.1,No,3703000
North Jakarta,Apartment,2,1,59.0,Semi,5687000
East Jakarta,Apartment,1,2,36.0,Yes,4963000
South Jakarta,Boarding House,2,2,37.3,No,3868000
South Jakarta,Boarding House,3,3,57.7,No,5741000
South Jakarta,Boarding House,3,2,56.3,Yes,5932000
West Jakarta,Studio,1,1,29.4,Yes,4588000
South Jakarta,Boarding House,1,2,39.6,Semi,4652000
Central Jakarta,Boarding House,3,3,53.7,Yes,6053000
Central Jakarta,Apartment,3,3,81.9,Semi,7719000
East Jakarta,Boarding House,1,1,21.4,No,2531000
South Jakarta,Apartment,1,1,52.9,Semi,5278000
North Jakarta,Apartment,2,2,45.9,Yes,5576000
South Jakarta,Studio,1,1,32.0,Yes,5405000
Central Jakarta,Apartment,2,1,50.1,No,5495000
Central Jakarta,Studio,1,1,29.3,No,4814000
West Jakarta,Studio,1,1,38.4,Yes,5314000
North Jakarta,Studio,1,1,44.0,No,3430000
West Jakarta,Small House,1,1,63.5,No,3199000
South Jakarta,Apartment,3,2,64.8,Yes,7676000
North Jakarta,Apartment,3,2,69.5,Semi,6137000
North Jakarta,Apartment,2,1,47.7,Semi,4840000
West Jakarta,Small House,2,2,60.1,No,4856000
Central Jakarta,Apartment,3,2,58.8,No,6262000
Central Jakarta,Small House,3,3,78.5,Yes,8057000
Central Jakarta,Apartment,2,2,56.0,Semi,6370000
West Jakarta,Studio,1,2,16.7,No,4168000
South Jakarta,Apartment,2,1,53.6,Semi,6158000
North Jakarta,Apartment,3,3,80.1,No,6213000
South Jakarta,Boarding House,1,1,41.0,No,3732000
South Jakarta,Small House,3,3,77.3,No,6854000
West Jakarta,Apartment,1,1,28.8,Semi,4908000
East Jakarta,Small House,3,3,85.7,No,6401000
South Jakarta,Apartment,2,2,35.5,Semi,5711000
North Jakarta,Apartment,1,2,48.9,Semi,5099000
North Jakarta,Apartment,1,1,38.3,Semi,4872000
West Jakarta,Studio,1,1,46.7,No,3737000
Central Jakarta,Boarding House,3,2,46.2,No,4711000
West Jakarta,Studio,1,1,39.3,No,3415000
South Jakarta,Apartment,3,2,67.2,Semi,6741000
North Jakarta,Apartment,1,1,37.4,Yes,5290000
South Jakarta,Studio,1,1,21.0,No,4515000
East Jakarta,Studio,1,2,36.8,Yes,3792000
South Jakarta,Boarding House,1,2,37.4,Yes,4545000
West Jakarta,Studio,1,1,46.3,No,3742000
West Jakarta,Apartment,3,3,76.1,No,6737000
East Jakarta,Apartment,1,1,35.2,No,3767000
East Jakarta,Apartment,1,1,32.0,No,3752000
South Jakarta,Apartment,3,2,57.1,Semi,6032000
West Jakarta,Boarding House,2,2,57.8,No,4598000
East Jakarta,Small House,1,2,47.8,Yes,4827000
West Jakarta,Studio,1,2,43.8,Semi,4135000
North Jakarta,Small House,3,3,86.2,Yes,6795000
West Jakarta,Apartment,1,1,42.6,Yes,5695000
Central Jakarta,Boarding House,1,2,29.5,Semi,3920000
South Jakarta,Boarding House,1,1,37.3,Yes,4212000
South Jakarta,Boarding House,3,3,59.9,Yes,6901000
South Jakarta,Boarding House,1,1,29.0,Semi,4077000
South Jakarta,Apartment,3,3,73.6,No,7136000
North Jakarta,Apartment,2,2,52.8,Semi,5722000
South Jakarta,Apartment,2,2,47.6,No,5681000
South Jakarta,Studio,1,1,36.8,Semi,4426000
South Jakarta,Boarding House,3,2,59.5,Semi,6085000
Central Jakarta,Studio,1,1,35.9,Semi,5189000
South Jakarta,Apartment,1,2,36.4,Yes,6283000
West Jakarta,Studio,1,1,22.3,No,2938000
South Jakarta,Apartment,3,2,81.9,Semi,7701000
Central Jakarta,Boarding House,2,1,58.4,Semi,4960000
North Jakarta,Boarding House,1,2,39.1,Yes,3904000
South Jakarta,Apartment,1,1,36.9,Semi,5108000
North Jakarta,Studio,1,2,29.6,No,4097000
South Jakarta,Apartment,3,3,79.1,Semi,7526000
Central Jakarta,Apartment,2,3,51.2,No,5966000
East Jakarta,Boarding House,3,3,54.9,Yes,5826000
South Jakarta,Apartment,3,2,83.0,Semi,7197000
East Jakarta,Apartment,3,3,67.6,Semi,6019000
South Jakarta,Apartment,2,2,68.1,Semi,6098000
South Jakarta,Small House,3,2,70.8,Yes,7199000
North Jakarta,Boarding House,3,3,64.1,Yes,5777000
South Jakarta,Apartment,2,1,70.6,Semi,5621000
West Jakarta,Apartment,2,3,54.2,Yes,6668000
East Jakarta,Studio,1,2,29.9,Semi,3662000
East Jakarta,Small House,2,1,58.7,Yes,6042000
North Jakarta,Apartment,1,1,48.7,Yes,4565000
South Jakarta,Apartment,3,3,61.8,No,6542000
South Jakarta,Small House,1,1,53.2,No,4513000
East Jakarta,Boarding House,3,3,50.1,No,4173000
South Jakarta,Studio,1,1,44.5,No,4151000
East Jakarta,Studio,1,1,41.2,Semi,4659000
South Jakarta,Studio,1,2,31.7,No,4426000
West Jakarta,Apartment,2,2,44.8,Semi,5140000
East Jakarta,Studio,1,2,44.3,No,2964000
Central Jakarta,Small House,1,1,51.1,No,4115000
West Jakarta,Small House,3,3,73.2,Semi,6135000
South Jakarta,Apartment,3,3,53.9,Semi,6545000
East Jakarta,Boarding House,3,3,54.8,Semi,4946000
North Jakarta,Apartment,2,2,42.4,Yes,4730000
West Jakarta,Studio,1,1,27.0,Yes,4265000
Central Jakarta,Boarding House,3,3,66.0,Semi,6610000
North Jakarta,Studio,1,1,29.0,No,4222000
Central Jakarta,Studio,1,1,34.8,No,3445000
West Jakarta,Apartment,3,2,62.2,Yes,6299000
West Jakarta,Studio,1,2,32.5,Semi,3841000
South Jakarta,Apartment,1,1,55.4,Yes,5982000
North Jakarta,Boarding House,3,2,57.2,Semi,4521000
East Jakarta,Boarding House,2,2,49.1,No,4680000
East Jakarta,Boarding House,3,3,47.5,Semi,4934000
West Jakarta,Small House,2,1,80.2,Yes,5957000
West Jakarta,Apartment,3,3,64.2,Yes,7632000
South Jakarta,Small House,3,3,90.4,No,6830000
Central Jakarta,Apartment,3,3,67.0,Semi,7346000
West Jakarta,Apartment,3,3,72.9,No,5984000
West Jakarta,Small House,2,1,73.4,Yes,5274000
Central Jakarta,Apartment,1,1,36.4,No,4650000
South Jakarta,Studio,1,2,40.7,Yes,6257000
East Jakarta,Apartment,2,1,47.9,No,4968000
Central Jakarta,Apartment,3,3,74.2,Semi,7420000
South Jakarta,Apartment,2,3,50.9,Semi,5886000
East Jakarta,Apartment,2,1,56.8,Semi,5602000
East Jakarta,Small House,1,2,50.3,Yes,4335000
East Jakarta,Apartment,3,2,68.4,Yes,5766000
South Jakarta,Apartment,2,2,45.4,Yes,6156000
East Jakarta,Apartment,1,1,42.0,Semi,5355000
West Jakarta,Boarding House,1,2,32.4,Yes,5076000
West Jakarta,Studio,1,1,27.7,Semi,3715000
West Jakarta,Studio,1,2,31.6,Semi,3905000
South Jakarta,Apartment,2,2,55.1,Semi,5443000
South Jakarta,Boarding House,2,3,41.1,Semi,5184000
West Jakarta,Boarding House,1,2,31.0,No,3520000
East Jakarta,Apartment,1,2,32.0,Semi,4871000
West Jakarta,Boarding House,3,3,78.8,No,5838000
West Jakarta,Apartment,2,2,62.5,No,5376000
Central Jakarta,Studio,1,2,34.2,No,4756000
South Jakarta,Studio,1,2,41.4,No,4219000
West Jakarta,Studio,1,2,16.2,Yes,4573000
West Jakarta,Apartment,3,3,47.5,Semi,5987000
West Jakarta,Apartment,3,3,64.8,No,6383000
East Jakarta,Apartment,1,2,29.0,Yes,5032000
North Jakarta,Apartment,3,3,66.1,Yes,6881000
South Jakarta,Apartment,3,2,69.6,Yes,7651000
South Jakarta,Boarding House,1,1,39.4,Yes,3922000
North Jakarta,Boarding House,1,2,22.9,Yes,3473000
North Jakarta,Apartment,3,3,71.2,Semi,6420000
South Jakarta,Apartment,2,3,54.1,Yes,6135000
North Jakarta,Apartment,3,2,70.8,Yes,6531000
North Jakarta,Apartment,1,1,35.8,No,4047000
East Jakarta,Apartment,1,2,51.1,Yes,5849000
South Jakarta,Apartment,1,2,39.2,Yes,5909000
Central Jakarta,Boarding House,1,1,46.2,Yes,5315000
Central Jakarta,Boarding House,2,2,39.7,Yes,5540000
South Jakarta,Studio,1,2,37.9,Semi,4582000
South Jakarta,Apartment,3,2,67.5,Semi,6916000
South Jakarta,Small House,2,3,65.4,Semi,6615000
South Jakarta,Studio,1,1,37.1,Yes,5524000
South Jakarta,Small House,2,1,65.6,Yes,6191000
East Jakarta,Studio,1,2,15.0,Yes,3269000
Central Jakarta,Apartment,2,2,29.5,Yes,5448000
West Jakarta,Apartment,1,1,50.2,Yes,5176000
East Jakarta,Studio,1,2,41.8,No,2691000
East Jakarta,Small House,3,2,97.1,Yes,7496000
North Jakarta,Apartment,1,1,39.9,No,4556000
North Jakarta,Small House,2,2,57.7,Semi,5042000
North Jakarta,Apartment,2,3,50.6,No,4872000
West Jakarta,Small House,1,1,54.1,Semi,5156000
South Jakarta,Small House,1,1,45.9,Semi,4546000
West Jakarta,Apartment,3,3,81.2,No,6013000
South Jakarta,Apartment,1,1,57.9,Semi,5218000
North Jakarta,Boarding House,2,3,49.8,Yes,5158000
West Jakarta,Apartment,1,1,39.9,No,4668000
South Jakarta,Small House,2,3,57.6,Semi,6684000
West Jakarta,Apartment,1,2,52.4,No,5303000
West Jakarta,Apartment,2,3,54.6,No,5543000
West Jakarta,Studio,1,2,29.7,No,4284000
Central Jakarta,Boarding House,2,2,49.8,Semi,4885000
North Jakarta,Small House,2,1,63.3,Yes,4790000
South Jakarta,Studio,1,2,33.2,Semi,4435000
East Jakarta,Boarding House,2,2,34.5,Yes,4047000
East Jakarta,Small House,3,2,90.7,Semi,5888000
West Jakarta,Studio,1,1,31.2,Yes,3949000
West Jakarta,Studio,1,1,41.3,Yes,4355000
East Jakarta,Boarding House,3,3,58.4,Semi,5390000
West Jakarta,Boarding House,3,2,58.9,No,5622000
North Jakarta,Studio,1,2,22.3,No,2815000
Central Jakarta,Boarding House,3,3,66.1,Semi,5570000
East Jakarta,Apartment,3,2,61.0,Semi,5582000
East Jakarta,Small House,3,3,78.1,No,6161000
West Jakarta,Small House,2,3,68.0,Yes,6142000
West Jakarta,Boarding House,1,2,33.0,Yes,3908000
North Jakarta,Apartment,2,2,40.4,No,5289000
West Jakarta,Apartment,1,1,38.2,No,4787000
South Jakarta,Apartment,3,2,74.4,No,6620000
South Jakarta,Studio,1,1,29.0,Semi,4074000
West Jakarta,Boarding House,3,3,58.2,Yes,5929000
East Jakarta,Studio,1,1,33.3,Semi,3614000
East Jakarta,Apartment,2,1,53.0,No,4665000
South Jakarta,Studio,1,2,23.8,Semi,4337000
East Jakarta,Apartment,2,2,53.7,No,5423000
West Jakarta,Apartment,2,1,62.0,Semi,5698000
Central Jakarta,Boarding House,2,3,37.6,Semi,5653000
South Jakarta,Boarding House,3,2,57.0,Semi,6267000
North Jakarta,Studio,1,2,20.9,Semi,4124000
Central Jakarta,Small House,1,1,61.5,Yes,5600000
West Jakarta,Small House,2,2,67.3,No,5719000
South Jakarta,Apartment,2,2,47.2,Yes,6649000
East Jakarta,Boarding House,2,3,46.7,No,5273000
Central Jakarta,Apartment,1,1,30.4,No,4956000
South Jakarta,Studio,1,2,23.7,Yes,5281000
East Jakarta,Apartment,3,3,56.3,Semi,6204000
South Jakarta,Studio,1,1,23.5,No,3948000
West Jakarta,Small House,1,1,64.9,Semi,4771000
West Jakarta,Small House,2,3,62.1,Yes,6261000
South Jakarta,Boarding House,1,1,35.7,Yes,4798000
South Jakarta,Apartment,3,2,61.3,Semi,7263000
North Jakarta,Apartment,3,3,74.1,No,6382000
South Jakarta,Small House,3,3,73.8,Semi,6680000
East Jakarta,Apartment,2,1,54.3,No,4651000
North Jakarta,Studio,1,1,32.4,No,2958000
South Jakarta,Apartment,1,2,58.6,Semi,6543000
South Jakarta,Apartment,1,1,45.0,Yes,5487000
North Jakarta,Apartment,1,1,35.3,No,4640000
West Jakarta,Studio,1,2,37.5,Yes,4839000
East Jakarta,Apartment,2,1,71.1,Yes,5987000
East Jakarta,Apartment,1,1,27.0,Yes,4552000
Central Jakarta,Apartment,1,1,33.3,No,4514000
South Jakarta,Studio,1,2,30.1,Semi,4246000
West Jakarta,Apartment,1,1,36.7,No,5108000
West Jakarta,Small House,2,3,65.3,No,5487000
South Jakarta,Apartment,2,3,43.6,No,6351000
West Jakarta,Boarding House,1,1,43.2,No,4071000
East Jakarta,Boarding House,1,1,20.6,No,2556000
North Jakarta,Apartment,2,2,52.4,No,5374000
East Jakarta,Boarding House,2,1,54.4,Yes,4569000
West Jakarta,Boarding House,1,1,31.8,Yes,3471000
West Jakarta,Apartment,2,1,46.2,Semi,5218000
West Jakarta,Studio,1,2,21.2,Yes,4686000
Central Jakarta,Studio,1,1,30.2,No,3988000
North Jakarta,Small House,2,1,61.9,Semi,5039000
South Jakarta,Boarding House,1,2,33.6,Yes,4668000
West Jakarta,Small House,1,2,42.8,Semi,5660000
East Jakarta,Small House,1,1,60.5,No,3334000
South Jakarta,Studio,1,1,32.9,Semi,4738000
Central Jakarta,Boarding House,1,1,33.5,Semi,4109000
West Jakarta,Apartment,3,3,79.5,Semi,6503000
South Jakarta,Boarding House,1,2,28.5,Semi,4128000
East Jakarta,Studio,1,1,26.2,Semi,3892000
West Jakarta,Apartment,3,3,63.6,No,6481000
North Jakarta,Boarding House,3,2,58.5,Semi,5176000
North Jakarta,Boarding House,3,2,59.3,No,5249000
East Jakarta,Boarding House,1,1,25.4,Yes,4147000
West Jakarta,Apartment,2,1,37.8,Yes,5918000
Central Jakarta,Apartment,3,3,63.5,Semi,6857000
North Jakarta,Small House,2,2,70.9,Yes,6188000
West Jakarta,Apartment,1,1,41.1,No,4634000
South Jakarta,Apartment,2,3,63.6,Semi,6188000
East Jakarta,Apartment,3,2,83.6,Semi,5639000
Central Jakarta,Apartment,3,3,74.1,Semi,6383000
East Jakarta,Apartment,2,3,65.1,Yes,6213000
North Jakarta,Apartment,1,1,46.1,Yes,5285000
East Jakarta,Boarding House,1,1,45.7,Semi,3010000
South Jakarta,Small House,1,2,68.8,Semi,6149000
North Jakarta,Small House,2,1,75.6,Semi,5499000
South Jakarta,Apartment,1,1,45.7,No,5599000
East Jakarta,Apartment,2,3,52.4,No,5369000
East Jakarta,Boarding House,1,1,31.7,Yes,3210000
East Jakarta,Boarding House,1,2,29.3,Yes,4074000
West Jakarta,Apartment,1,1,45.0,Yes,5531000
Central Jakarta,Boarding House,1,1,26.2,No,3496000
West Jakarta,Boarding House,3,3,58.5,No,4414000
South Jakarta,Boarding House,3,3,41.2,Semi,5646000
South Jakarta,Boarding House,3,3,73.8,Yes,6138000
South Jakarta,Apartment,2,3,52.2,No,6505000
South Jakarta,Apartment,1,1,43.6,No,4772000
East Jakarta,Apartment,3,3,79.7,No,6920000
North Jakarta,Studio,1,1,34.4,Yes,3383000
West Jakarta,Small House,3,3,93.6,Yes,7205000
East Jakarta,Boarding House,2,3,36.1,Semi,4902000
East Jakarta,Studio,1,2,51.2,No,3511000
South Jakarta,Boarding House,2,3,54.7,Yes,5723000
West Jakarta,Boarding House,1,1,33.7,Semi,3445000
East Jakarta,Boarding House,2,2,57.4,No,3766000
North Jakarta,Apartment,3,3,58.7,No,6076000
East Jakarta,Small House,1,1,51.7,Semi,3767000
North Jakarta,Apartment,1,1,51.6,Semi,4798000
North Jakarta,Apartment,3,3,53.1,Yes,6847000
West Jakarta,Studio,1,1,36.5,Semi,3980000
South Jakarta,Boarding House,3,3,64.3,Semi,5567000
South Jakarta,Boarding House,2,2,61.8,Semi,5765000
North Jakarta,Apartment,2,2,41.3,Semi,5663000
Central Jakarta,Apartment,3,3,80.9,No,6597000
South Jakarta,Boarding House,2,2,41.5,Semi,4355000
North Jakarta,Boarding House,1,2,28.4,No,2873000
West Jakarta,Apartment,2,3,44.2,Semi,5951000
East Jakarta,Small House,1,1,45.3,Yes,4759000
South Jakarta,Boarding House,2,3,49.2,Semi,5652000
North Jakarta,Small House,3,3,73.1,Semi,6129000
North Jakarta,Small House,1,1,59.9,No,3932000
West Jakarta,Small House,3,2,76.7,Semi,6634000
East Jakarta,Boarding House,2,2,36.3,No,3444000
West Jakarta,Boarding House,1,1,27.8,Yes,4004000
South Jakarta,Studio,1,1,34.7,Semi,3847000
East Jakarta,Apartment,3,2,65.8,Yes,6168000
East Jakarta,Boarding House,3,3,60.3,Semi,5599000
Central Jakarta,Apartment,3,3,73.6,Yes,7362000
West Jakarta,Small House,2,2,76.7,No,5786000
East Jakarta,Studio,1,1,29.5,No,2252000
South Jakarta,Apartment,2,1,45.6,No,5190000
South Jakarta,Apartment,2,3,54.6,No,5966000
Central Jakarta,Apartment,1,1,43.8,Yes,6592000
West Jakarta,Studio,1,2,20.3,Yes,3880000
North Jakarta,Studio,1,2,24.9,Semi,4290000
Central Jakarta,Boarding House,2,2,40.2,Semi,5490000
South Jakarta,Apartment,1,2,38.3,Semi,5105000
North Jakarta,Studio,1,1,25.9,Semi,3618000
Central Jakarta,Studio,1,2,37.7,Yes,5382000
East Jakarta,Apartment,2,1,41.2,Semi,4244000
West Jakarta,Studio,1,1,19.4,Yes,3964000
North Jakarta,Boarding House,2,2,43.3,No,4594000
East Jakarta,Boarding House,2,3,44.6,Yes,5048000
North Jakarta,Apartment,3,2,56.4,No,5634000
West Jakarta,Apartment,3,3,63.1,Semi,6548000
South Jakarta,Studio,1,1,28.8,Yes,5100000
East Jakarta,Apartment,1,1,36.9,No,4381000
West Jakarta,Small House,1,1,55.2,No,4113000
West Jakarta,Apartment,3,2,62.7,Semi,6959000
Central Jakarta,Small House,3,3,93.8,Semi,7941000
North Jakarta,Apartment,1,2,43.9,Yes,5635000
East Jakarta,Apartment,1,2,33.5,Yes,4564000
South Jakarta,Apartment,2,1,54.8,Semi,5497000
East Jakarta,Apartment,1,1,41.0,Yes,4711000
South Jakarta,Small House,1,1,63.7,Semi,5394000
South Jakarta,Studio,1,1,27.2,Yes,4014000
South Jakarta,Small House,2,2,74.1,No,6097000
South Jakarta,Small House,1,1,54.3,Semi,5777000
West Jakarta,Apartment,2,3,65.9,No,6006000
North Jakarta,Apartment,2,1,64.3,No,4874000
East Jakarta,Apartment,2,1,55.6,Yes,5213000
West Jakarta,Apartment,3,3,65.9,No,6331000
South Jakarta,Boarding House,1,2,36.1,Semi,4320000
Central Jakarta,Apartment,2,1,52.6,Semi,6215000
North Jakarta,Small House,3,2,95.4,No,6379000
North Jakarta,Boarding House,2,2,46.6,Semi,4921000
North Jakarta,Apartment,3,3,64.8,Semi,5916000
West Jakarta,Boarding House,2,1,42.3,Yes,4732000
West Jakarta,Apartment,2,1,44.3,No,4754000
West Jakarta,Small House,3,3,86.5,Yes,6972000
Central Jakarta,Apartment,2,3,47.4,Yes,7153000
Central Jakarta,Small House,3,3,90.8,Semi,7732000
Central Jakarta,Boarding House,3,3,49.7,Semi,6483000
North Jakarta,Small House,3,3,83.0,Yes,7046000
Central Jakarta,Apartment,1,1,49.2,Yes,5856000
Central Jakarta,Boarding House,2,1,28.8,No,4124000
East Jakarta,Apartment,3,2,84.1,Yes,5974000
South Jakarta,Boarding House,2,1,42.6,Yes,5740000
East Jakarta,Studio,1,2,33.1,Semi,3791000
South Jakarta,Apartment,1,1,44.6,Yes,5950000
North Jakarta,Apartment,3,2,73.8,Semi,6674000
South Jakarta,Apartment,1,1,42.2,Yes,5119000
South Jakarta,Apartment,1,1,48.0,Yes,5368000
East Jakarta,Boarding House,3,3,64.2,No,5561000
South Jakarta,Apartment,1,1,54.1,No,5274000
West Jakarta,Boarding House,3,2,64.2,Semi,5034000
South Jakarta,Studio,1,2,47.7,Yes,5342000
West Jakarta,Boarding House,3,2,67.2,Semi,5839000
East Jakarta,Boarding House,2,2,31.6,Yes,4778000
West Jakarta,Apartment,3,3,88.9,Semi,6300000
Central Jakarta,Boarding House,3,3,55.4,No,6343000
West Jakarta,Small House,1,2,66.0,Yes,5962000
East Jakarta,Boarding House,3,3,60.2,Semi,5075000
West Jakarta,Apartment,3,2,76.5,Semi,5981000
East Jakarta,Apartment,1,1,34.5,No,4465000
North Jakarta,Boarding House,1,1,37.0,No,3450000
Central Jakarta,Apartment,1,1,38.0,No,4298000
East Jakarta,Boarding House,1,1,44.6,Semi,3419000
West Jakarta,Apartment,2,2,57.5,Semi,7132000
West Jakarta,Boarding House,3,2,67.5,No,5012000
East Jakarta,Studio,1,1,15.0,No,2706000
North Jakarta,Studio,1,1,31.3,No,3080000
West Jakarta,Small House,2,1,71.3,Semi,6251000
South Jakarta,Small House,1,1,55.8,Yes,6006000
West Jakarta,Small House,3,3,89.7,Semi,7308000
South Jakarta,Small House,1,1,51.1,No,4901000
South Jakarta,Apartment,3,2,68.4,Semi,7435000
